state/region,ages,year,population,state,area (sq. mi),인구밀도
AL,under18,2012.0,1117489.0,Alabama,52423.0,21.31676935696164
AL,total,2012.0,4817528.0,Alabama,52423.0,91.89722068557694
AL,under18,2010.0,1130966.0,Alabama,52423.0,21.57385117219541
AL,total,2010.0,4785570.0,Alabama,52423.0,91.28760276977663
AL,under18,2011.0,1125763.0,Alabama,52423.0,21.47460084314137
AL,total,2011.0,4801627.0,Alabama,52423.0,91.59389962421075
AL,total,2009.0,4757938.0,Alabama,52423.0,90.76050588482154
AL,under18,2009.0,1134192.0,Alabama,52423.0,21.63538904679244
AL,under18,2013.0,1111481.0,Alabama,52423.0,21.202163172653226
AL,total,2013.0,4833722.0,Alabama,52423.0,92.2061308967438
AL,total,2007.0,4672840.0,Alabama,52423.0,89.13721076626672
AL,under18,2007.0,1132296.0,Alabama,52423.0,21.59922171565916
AL,total,2008.0,4718206.0,Alabama,52423.0,90.00259428113614
AL,under18,2008.0,1134927.0,Alabama,52423.0,21.649409610285563
AL,total,2005.0,4569805.0,Alabama,52423.0,87.1717566716899
AL,under18,2005.0,1117229.0,Alabama,52423.0,21.311809701848425
AL,total,2006.0,4628981.0,Alabama,52423.0,88.30057417545734
AL,under18,2006.0,1126798.0,Alabama,52423.0,21.494344085611278
AL,total,2004.0,4530729.0,Alabama,52423.0,86.42635865936707
AL,under18,2004.0,1113662.0,Alabama,52423.0,21.24376704881445
AL,total,2003.0,4503491.0,Alabama,52423.0,85.90677755946817
AL,under18,2003.0,1113083.0,Alabama,52423.0,21.232722278389257
AL,total,2001.0,4467634.0,Alabama,52423.0,85.22278389256624
AL,under18,2001.0,1120409.0,Alabama,52423.0,21.372470099002346
AL,total,2002.0,4480089.0,Alabama,52423.0,85.46037044808577
AL,under18,2002.0,1116590.0,Alabama,52423.0,21.299620395627873
AL,under18,1999.0,1121287.0,Alabama,52423.0,21.389218472807737
AL,total,1999.0,4430141.0,Alabama,52423.0,84.50758254964424
AL,total,2000.0,4452173.0,Alabama,52423.0,84.92785609369933
AL,under18,2000.0,1122273.0,Alabama,52423.0,21.40802701104477
AL,total,1998.0,4404701.0,Alabama,52423.0,84.02229937241287
AL,under18,1998.0,1118252.0,Alabama,52423.0,21.331324037159263
AL,under18,1997.0,1122893.0,Alabama,52423.0,21.419853880930127
AL,total,1997.0,4367935.0,Alabama,52423.0,83.32096598821128
AL,total,1996.0,4331103.0,Alabama,52423.0,82.61837361463479
AL,total,1995.0,4296800.0,Alabama,52423.0,81.96402342483262
AL,under18,1995.0,1110553.0,Alabama,52423.0,21.18446101901837
AL,under18,1996.0,1112092.0,Alabama,52423.0,21.213818362169278
AL,total,1994.0,4260229.0,Alabama,52423.0,81.26640978196593
AL,total,1993.0,4214202.0,Alabama,52423.0,80.38841729775099
AL,under18,1993.0,1085606.0,Alabama,52423.0,20.708582110905517
AL,under18,1994.0,1097180.0,Alabama,52423.0,20.929363065829882
AL,under18,1992.0,1072873.0,Alabama,52423.0,20.465692539534174
AL,total,1992.0,4154014.0,Alabama,52423.0,79.2402952902352
AL,total,1991.0,4099156.0,Alabama,52423.0,78.1938462125403
AL,under18,1991.0,1060794.0,Alabama,52423.0,20.23527840833222
AL,under18,1990.0,1050041.0,Alabama,52423.0,20.030158518207656
AL,total,1990.0,4050055.0,Alabama,52423.0,77.2572153444099
AK,total,1990.0,553290.0,Alaska,656425.0,0.8428838024145942
AK,under18,1990.0,177502.0,Alaska,656425.0,0.2704071295273641
AK,total,1992.0,588736.0,Alaska,656425.0,0.8968823551814754
AK,under18,1991.0,182180.0,Alaska,656425.0,0.2775336100849297
AK,under18,1992.0,184878.0,Alaska,656425.0,0.2816437521422859
AK,total,1994.0,603308.0,Alaska,656425.0,0.9190813878203907
AK,under18,1994.0,187439.0,Alaska,656425.0,0.28554518794988004
AK,total,1991.0,570193.0,Alaska,656425.0,0.8686338881060288
AK,total,1993.0,599434.0,Alaska,656425.0,0.9131797235023041
AK,under18,1993.0,187190.0,Alaska,656425.0,0.2851658605324294
AK,total,1995.0,604412.0,Alaska,656425.0,0.9207632250447499
AK,under18,1995.0,184990.0,Alaska,656425.0,0.2818143733099745
AK,total,1996.0,608569.0,Alaska,656425.0,0.9270960124919069
AK,under18,1996.0,185360.0,Alaska,656425.0,0.2823780325246601
AK,under18,1997.0,188280.0,Alaska,656425.0,0.28682637011082757
AK,under18,1998.0,192636.0,Alaska,656425.0,0.2934623148112884
AK,total,1998.0,619933.0,Alaska,656425.0,0.9444079673991698
AK,total,1997.0,612968.0,Alaska,656425.0,0.9337974635335339
AK,under18,1999.0,191422.0,Alaska,656425.0,0.29161290322580646
AK,total,1999.0,624779.0,Alaska,656425.0,0.9517903797082683
AK,total,2000.0,627963.0,Alaska,656425.0,0.9566408957611303
AK,under18,2000.0,190615.0,Alaska,656425.0,0.29038351677647867
AK,total,2001.0,633714.0,Alaska,656425.0,0.9654019880412842
AK,under18,2001.0,188771.0,Alaska,656425.0,0.2875743611227482
AK,total,2002.0,642337.0,Alaska,656425.0,0.9785382945500247
AK,under18,2002.0,188482.0,Alaska,656425.0,0.2871340975739803
AK,total,2003.0,648414.0,Alaska,656425.0,0.9877960163004151
AK,under18,2003.0,186843.0,Alaska,656425.0,0.2846372395932513
AK,total,2004.0,659286.0,Alaska,656425.0,1.0043584567924744
AK,under18,2004.0,186335.0,Alaska,656425.0,0.2838633507255208
AK,total,2005.0,666946.0,Alaska,656425.0,1.0160277259397494
AK,under18,2005.0,185304.0,Alaska,656425.0,0.2822927219408158
AK,total,2006.0,675302.0,Alaska,656425.0,1.0287572837719465
AK,under18,2006.0,185580.0,Alaska,656425.0,0.2827131812469056
AK,total,2007.0,680300.0,Alaska,656425.0,1.036371253380051
AK,under18,2007.0,184344.0,Alaska,656425.0,0.2808302547891991
AK,total,2008.0,687455.0,Alaska,656425.0,1.0472712038694443
AK,under18,2008.0,183124.0,Alaska,656425.0,0.2789717027840195
AK,under18,2013.0,188132.0,Alaska,656425.0,0.28660090642495334
AK,total,2013.0,735132.0,Alaska,656425.0,1.1199025021898923
AK,total,2009.0,698895.0,Alaska,656425.0,1.0646989374262101
AK,under18,2009.0,186351.0,Alaska,656425.0,0.2838877251780478
AK,under18,2010.0,187902.0,Alaska,656425.0,0.2862505236698785
AK,total,2010.0,713868.0,Alaska,656425.0,1.087508854781582
AK,under18,2011.0,188329.0,Alaska,656425.0,0.28690101687169134
AK,total,2011.0,723375.0,Alaska,656425.0,1.1019918497924364
AK,under18,2012.0,188162.0,Alaska,656425.0,0.28664660852344137
AK,total,2012.0,730307.0,Alaska,656425.0,1.1125520813497354
AZ,under18,2012.0,1617149.0,Arizona,114006.0,14.184770976966124
AZ,total,2012.0,6551149.0,Arizona,114006.0,57.46319491956564
AZ,under18,2011.0,1616353.0,Arizona,114006.0,14.177788888304125
AZ,total,2011.0,6468796.0,Arizona,114006.0,56.740838201498164
AZ,under18,2010.0,1628563.0,Arizona,114006.0,14.284888514639581
AZ,total,2010.0,6408790.0,Arizona,114006.0,56.214497482588634
AZ,under18,2013.0,1616814.0,Arizona,114006.0,14.18183253512973
AZ,total,2013.0,6626624.0,Arizona,114006.0,58.12522147957125
AZ,total,2009.0,6343154.0,Arizona,114006.0,55.63877339789134
AZ,under18,2009.0,1627343.0,Arizona,114006.0,14.274187323474203
AZ,total,2007.0,6167681.0,Arizona,114006.0,54.09961756398786
AZ,under18,2007.0,1607895.0,Arizona,114006.0,14.103599810536288
AZ,total,2008.0,6280362.0,Arizona,114006.0,55.08799536866481
AZ,under18,2008.0,1628651.0,Arizona,114006.0,14.285660403838394
AZ,total,2005.0,5839077.0,Arizona,114006.0,51.217278037998
AZ,under18,2005.0,1529168.0,Arizona,114006.0,13.413048436047225
AZ,total,2006.0,6029141.0,Arizona,114006.0,52.884418363945755
AZ,under18,2006.0,1574867.0,Arizona,114006.0,13.813895759872288
AZ,total,2004.0,5652404.0,Arizona,114006.0,49.57988176060909
AZ,under18,2004.0,1484454.0,Arizona,114006.0,13.02084100836798
AZ,total,2003.0,5510364.0,Arizona,114006.0,48.333982421977794
AZ,under18,2003.0,1453671.0,Arizona,114006.0,12.750828903741908
AZ,total,2001.0,5273477.0,Arizona,114006.0,46.256135641983754
AZ,under18,2001.0,1399015.0,Arizona,114006.0,12.271415539533008
AZ,total,2002.0,5396255.0,Arizona,114006.0,47.33307896075645
AZ,under18,2002.0,1427938.0,Arizona,114006.0,12.525112713365964
AZ,under18,1999.0,1332396.0,Arizona,114006.0,11.68706910162623
AZ,total,1999.0,5023823.0,Arizona,114006.0,44.0663035278845
AZ,total,2000.0,5160586.0,Arizona,114006.0,45.26591582899146
AZ,under18,2000.0,1373414.0,Arizona,114006.0,12.046857182955282
AZ,total,1998.0,4883342.0,Arizona,114006.0,42.834078908127644
AZ,under18,1998.0,1285794.0,Arizona,114006.0,11.278301142045155
AZ,total,1997.0,4736990.0,Arizona,114006.0,41.55035699875445
AZ,under18,1997.0,1237159.0,Arizona,114006.0,10.851700787677842
AZ,under18,1996.0,1215285.0,Arizona,114006.0,10.65983369296353
AZ,total,1996.0,4586940.0,Arizona,114006.0,40.23419820009473
AZ,total,1995.0,4432499.0,Arizona,114006.0,38.87952388470782
AZ,under18,1995.0,1173391.0,Arizona,114006.0,10.292361805519008
AZ,total,1993.0,4065440.0,Arizona,114006.0,35.65987755030437
AZ,under18,1993.0,1094233.0,Arizona,114006.0,9.59802992824939
AZ,under18,1994.0,1119857.0,Arizona,114006.0,9.822790028594985
AZ,total,1994.0,4245089.0,Arizona,114006.0,37.23566303527885
AZ,under18,1992.0,1055572.0,Arizona,114006.0,9.25891619739312
AZ,under18,1991.0,1028285.0,Arizona,114006.0,9.01956914548357
AZ,total,1991.0,3788576.0,Arizona,114006.0,33.23137378734452
AZ,total,1992.0,3915740.0,Arizona,114006.0,34.34678876550357
AZ,under18,1990.0,1006040.0,Arizona,114006.0,8.824447836078804
AZ,total,1990.0,3684097.0,Arizona,114006.0,32.31493956458432
AR,under18,1990.0,620933.0,Arkansas,53182.0,11.675623331202287
AR,total,1990.0,2356586.0,Arkansas,53182.0,44.3117220112068
AR,total,1991.0,2383144.0,Arkansas,53182.0,44.81110150050769
AR,under18,1991.0,626212.0,Arkansas,53182.0,11.774886239705163
AR,under18,1992.0,638269.0,Arkansas,53182.0,12.001598285134069
AR,total,1992.0,2415984.0,Arkansas,53182.0,45.42860366289346
AR,under18,1994.0,653842.0,Arkansas,53182.0,12.29442292504983
AR,total,1994.0,2494019.0,Arkansas,53182.0,46.8959234327404
AR,total,1993.0,2456303.0,Arkansas,53182.0,46.18673611372269
AR,under18,1993.0,643474.0,Arkansas,53182.0,12.09946974540258
AR,under18,1995.0,667671.0,Arkansas,53182.0,12.55445451468542
AR,total,1995.0,2535399.0,Arkansas,53182.0,47.6740062427137
AR,under18,1996.0,677912.0,Arkansas,53182.0,12.747019668308827
AR,total,1996.0,2572109.0,Arkansas,53182.0,48.364277387085856
AR,under18,1998.0,683637.0,Arkansas,53182.0,12.854668872926931
AR,total,1997.0,2601091.0,Arkansas,53182.0,48.90923620773946
AR,under18,1997.0,680203.0,Arkansas,53182.0,12.790098153510586
AR,total,1998.0,2626289.0,Arkansas,53182.0,49.38304313489527
AR,total,2000.0,2678588.0,Arkansas,53182.0,50.36643977285548
AR,under18,2000.0,680378.0,Arkansas,53182.0,12.793388740551315
AR,under18,1999.0,681940.0,Arkansas,53182.0,12.822759580309127
AR,total,1999.0,2651860.0,Arkansas,53182.0,49.86386371328645
AR,total,2002.0,2705927.0,Arkansas,53182.0,50.88050468203527
AR,under18,2002.0,678798.0,Arkansas,53182.0,12.763679440412169
AR,total,2001.0,2691571.0,Arkansas,53182.0,50.610563724568465
AR,under18,2001.0,679606.0,Arkansas,53182.0,12.778872550863074
AR,total,2004.0,2749686.0,Arkansas,53182.0,51.703320672407955
AR,under18,2004.0,683166.0,Arkansas,53182.0,12.845812492948742
AR,total,2003.0,2724816.0,Arkansas,53182.0,51.2356812455342
AR,under18,2003.0,679579.0,Arkansas,53182.0,12.778364860291076
AR,total,2006.0,2821761.0,Arkansas,53182.0,53.05857244932496
AR,under18,2006.0,697842.0,Arkansas,53182.0,13.121770523861457
AR,total,2005.0,2781097.0,Arkansas,53182.0,52.293952841186865
AR,under18,2005.0,689787.0,Arkansas,53182.0,12.970309503215374
AR,total,2008.0,2874554.0,Arkansas,53182.0,54.05125794441729
AR,under18,2008.0,705725.0,Arkansas,53182.0,13.269997367530367
AR,total,2007.0,2848650.0,Arkansas,53182.0,53.56417584897146
AR,under18,2007.0,702737.0,Arkansas,53182.0,13.21381294422925
AR,total,2009.0,2896843.0,Arkansas,53182.0,54.470365913278926
AR,under18,2009.0,707886.0,Arkansas,53182.0,13.31063141664473
AR,under18,2013.0,709866.0,Arkansas,53182.0,13.347862058591252
AR,total,2013.0,2959373.0,Arkansas,53182.0,55.646139671317364
AR,under18,2011.0,710576.0,Arkansas,53182.0,13.361212440299349
AR,total,2011.0,2938506.0,Arkansas,53182.0,55.25377007258095
AR,under18,2010.0,711947.0,Arkansas,53182.0,13.38699183934414
AR,total,2010.0,2922280.0,Arkansas,53182.0,54.94866684216464
AR,under18,2012.0,710471.0,Arkansas,53182.0,13.359238088074912
AR,total,2012.0,2949828.0,Arkansas,53182.0,55.466661652438795
CA,under18,2012.0,9209007.0,California,163707.0,56.25298246257032
CA,total,2012.0,37999878.0,California,163707.0,232.12127764848174
CA,under18,2011.0,9252336.0,California,163707.0,56.517656544924776
CA,total,2011.0,37668681.0,California,163707.0,230.09816929025638
CA,under18,2010.0,9284094.0,California,163707.0,56.71164947131155
CA,total,2010.0,37333601.0,California,163707.0,228.051341726377
CA,under18,2013.0,9174877.0,California,163707.0,56.04450023517626
CA,total,2013.0,38332521.0,California,163707.0,234.15321886052521
CA,total,2009.0,36961229.0,California,163707.0,225.77671693941005
CA,under18,2009.0,9294501.0,California,163707.0,56.77522036320988
CA,total,2007.0,36250311.0,California,163707.0,221.43409261668714
CA,under18,2007.0,9335620.0,California,163707.0,57.02639471739144
CA,total,2008.0,36604337.0,California,163707.0,223.5966513343962
CA,under18,2008.0,9321621.0,California,163707.0,56.94088218585644
CA,total,2005.0,35827943.0,California,163707.0,218.85406854929843
CA,under18,2005.0,9405565.0,California,163707.0,57.453651951352114
CA,total,2006.0,36021202.0,California,163707.0,220.03458618140948
CA,under18,2006.0,9370884.0,California,163707.0,57.241803954626256
CA,total,2003.0,35253159.0,California,163707.0,215.34301526507724
CA,under18,2003.0,9404594.0,California,163707.0,57.447720622820036
CA,total,2004.0,35574576.0,California,163707.0,217.30638274478184
CA,under18,2004.0,9418497.0,California,163707.0,57.532646740823544
CA,total,2001.0,34479458.0,California,163707.0,210.6168826012327
CA,under18,2001.0,9325466.0,California,163707.0,56.96436926948756
CA,total,2002.0,34871843.0,California,163707.0,213.01375628409292
CA,under18,2002.0,9365142.0,California,163707.0,57.20672909527387
CA,under18,1999.0,9207878.0,California,163707.0,56.246085995101005
CA,total,1999.0,33499204.0,California,163707.0,204.629026248114
CA,total,2000.0,33987977.0,California,163707.0,207.6146835504896
CA,under18,2000.0,9267089.0,California,163707.0,56.6077748660717
CA,under18,1998.0,9163238.0,California,163707.0,55.973403702957114
CA,total,1998.0,32987675.0,California,163707.0,201.50436450487763
CA,under18,1997.0,9135359.0,California,163707.0,55.803105548327196
CA,total,1997.0,32486010.0,California,163707.0,198.43995675200205
CA,under18,1996.0,9079519.0,California,163707.0,55.46200834417588
CA,total,1996.0,32018834.0,California,163707.0,195.58622416878936
CA,total,1995.0,31696582.0,California,163707.0,193.61775611305563
CA,under18,1995.0,8920578.0,California,163707.0,54.49112133262475
CA,total,1993.0,31274928.0,California,163707.0,191.04209349630742
CA,under18,1993.0,8624810.0,California,163707.0,52.68443010989145
CA,under18,1994.0,8790058.0,California,163707.0,53.69384326876676
CA,total,1994.0,31484435.0,California,163707.0,192.32186161862353
CA,total,1991.0,30470736.0,California,163707.0,186.12970734299694
CA,under18,1991.0,8245605.0,California,163707.0,50.368066118125675
CA,under18,1992.0,8439647.0,California,163707.0,51.55336668560294
CA,total,1992.0,30974659.0,California,163707.0,189.20790803081115
CA,under18,1990.0,7980501.0,California,163707.0,48.74868515090986
CA,total,1990.0,29959515.0,California,163707.0,183.00692700984075
CO,total,1990.0,3307618.0,Colorado,104100.0,31.77346781940442
CO,under18,1990.0,881640.0,Colorado,104100.0,8.469164265129683
CO,total,1992.0,3495939.0,Colorado,104100.0,33.58250720461095
CO,under18,1992.0,925577.0,Colorado,104100.0,8.891229586935639
CO,under18,1991.0,896537.0,Colorado,104100.0,8.612267050912584
CO,total,1991.0,3387119.0,Colorado,104100.0,32.53716618635927
CO,total,1994.0,3724168.0,Colorado,104100.0,35.77490874159462
CO,under18,1994.0,966412.0,Colorado,104100.0,9.283496637848224
CO,under18,1993.0,947806.0,Colorado,104100.0,9.1047646493756
CO,total,1993.0,3613734.0,Colorado,104100.0,34.71406340057637
CO,under18,1995.0,984310.0,Colorado,104100.0,9.455427473583093
CO,total,1995.0,3826653.0,Colorado,104100.0,36.759394812680114
CO,total,1996.0,3919972.0,Colorado,104100.0,37.65583093179635
CO,under18,1996.0,1003946.0,Colorado,104100.0,9.644053794428434
CO,under18,1997.0,1030557.0,Colorado,104100.0,9.899682997118155
CO,total,1997.0,4018293.0,Colorado,104100.0,38.600317002881845
CO,total,1998.0,4116639.0,Colorado,104100.0,39.54504322766571
CO,under18,1998.0,1060066.0,Colorado,104100.0,10.183150816522575
CO,total,2000.0,4326921.0,Colorado,104100.0,41.565043227665704
CO,under18,2000.0,1106676.0,Colorado,104100.0,10.630893371757924
CO,total,1999.0,4226018.0,Colorado,104100.0,40.59575408261287
CO,under18,1999.0,1083938.0,Colorado,104100.0,10.412468780019212
CO,total,2002.0,4490406.0,Colorado,104100.0,43.13550432276657
CO,under18,2002.0,1138273.0,Colorado,104100.0,10.934418828049951
CO,total,2001.0,4425687.0,Colorado,104100.0,42.51380403458213
CO,under18,2001.0,1126647.0,Colorado,104100.0,10.822737752161384
CO,total,2004.0,4575013.0,Colorado,104100.0,43.94825168107589
CO,under18,2004.0,1146369.0,Colorado,104100.0,11.012190201729107
CO,total,2003.0,4528732.0,Colorado,104100.0,43.50366954851105
CO,under18,2003.0,1144597.0,Colorado,104100.0,10.995168107588857
CO,total,2006.0,4720423.0,Colorado,104100.0,45.34508165225744
CO,under18,2006.0,1171832.0,Colorado,104100.0,11.256791546589817
CO,total,2005.0,4631888.0,Colorado,104100.0,44.49460134486071
CO,under18,2005.0,1156399.0,Colorado,104100.0,11.10853986551393
CO,total,2008.0,4889730.0,Colorado,104100.0,46.97146974063401
CO,under18,2008.0,1203289.0,Colorado,104100.0,11.558972142170989
CO,total,2007.0,4803868.0,Colorado,104100.0,46.14666666666667
CO,under18,2007.0,1189434.0,Colorado,104100.0,11.425878962536023
CO,total,2009.0,4972195.0,Colorado,104100.0,47.763640730067245
CO,under18,2009.0,1217213.0,Colorado,104100.0,11.69272814601345
CO,under18,2013.0,1237932.0,Colorado,104100.0,11.891757925072046
CO,total,2013.0,5268367.0,Colorado,104100.0,50.60871277617675
CO,under18,2010.0,1226619.0,Colorado,104100.0,11.783083573487032
CO,total,2010.0,5048196.0,Colorado,104100.0,48.49371757925072
CO,under18,2011.0,1230178.0,Colorado,104100.0,11.81727185398655
CO,total,2011.0,5118400.0,Colorado,104100.0,49.16810758885687
CO,under18,2012.0,1232864.0,Colorado,104100.0,11.843073967339096
CO,total,2012.0,5189458.0,Colorado,104100.0,49.85070124879923
CT,under18,2012.0,794959.0,Connecticut,5544.0,143.390873015873
CT,total,2012.0,3591765.0,Connecticut,5544.0,647.8652597402597
CT,under18,2011.0,805109.0,Connecticut,5544.0,145.2216810966811
CT,total,2011.0,3588948.0,Connecticut,5544.0,647.3571428571429
CT,under18,2010.0,814187.0,Connecticut,5544.0,146.859126984127
CT,total,2010.0,3579210.0,Connecticut,5544.0,645.6006493506494
CT,under18,2013.0,785566.0,Connecticut,5544.0,141.69660894660893
CT,total,2013.0,3596080.0,Connecticut,5544.0,648.6435786435786
CT,total,2009.0,3561807.0,Connecticut,5544.0,642.46158008658
CT,under18,2009.0,820839.0,Connecticut,5544.0,148.0589826839827
CT,total,2007.0,3527270.0,Connecticut,5544.0,636.2319624819625
CT,under18,2007.0,833484.0,Connecticut,5544.0,150.33982683982683
CT,total,2008.0,3545579.0,Connecticut,5544.0,639.5344516594516
CT,under18,2008.0,826626.0,Connecticut,5544.0,149.10281385281385
CT,total,2005.0,3506956.0,Connecticut,5544.0,632.5678210678211
CT,under18,2005.0,844034.0,Connecticut,5544.0,152.242784992785
CT,total,2006.0,3517460.0,Connecticut,5544.0,634.462481962482
CT,under18,2006.0,839372.0,Connecticut,5544.0,151.4018759018759
CT,total,2003.0,3484336.0,Connecticut,5544.0,628.4877344877345
CT,under18,2003.0,851115.0,Connecticut,5544.0,153.52002164502164
CT,total,2004.0,3496094.0,Connecticut,5544.0,630.6085858585859
CT,under18,2004.0,848979.0,Connecticut,5544.0,153.13474025974025
CT,total,2001.0,3432835.0,Connecticut,5544.0,619.1982323232323
CT,under18,2001.0,845850.0,Connecticut,5544.0,152.57034632034632
CT,total,2002.0,3458749.0,Connecticut,5544.0,623.8724747474747
CT,under18,2002.0,848877.0,Connecticut,5544.0,153.11634199134198
CT,total,1999.0,3386401.0,Connecticut,5544.0,610.8226911976911
CT,under18,1999.0,834654.0,Connecticut,5544.0,150.5508658008658
CT,total,2000.0,3411777.0,Connecticut,5544.0,615.3998917748918
CT,under18,2000.0,842242.0,Connecticut,5544.0,151.91955266955267
CT,under18,1998.0,824600.0,Connecticut,5544.0,148.73737373737373
CT,total,1998.0,3365352.0,Connecticut,5544.0,607.025974025974
CT,total,1997.0,3349348.0,Connecticut,5544.0,604.1392496392497
CT,under18,1997.0,814373.0,Connecticut,5544.0,146.89267676767676
CT,under18,1996.0,811855.0,Connecticut,5544.0,146.43849206349208
CT,total,1996.0,3336685.0,Connecticut,5544.0,601.8551587301587
CT,total,1995.0,3324144.0,Connecticut,5544.0,599.5930735930735
CT,under18,1995.0,808623.0,Connecticut,5544.0,145.8555194805195
CT,total,1993.0,3309175.0,Connecticut,5544.0,596.8930375180375
CT,under18,1993.0,790749.0,Connecticut,5544.0,142.6314935064935
CT,under18,1994.0,801231.0,Connecticut,5544.0,144.52218614718615
CT,total,1994.0,3316121.0,Connecticut,5544.0,598.1459235209235
CT,under18,1991.0,766304.0,Connecticut,5544.0,138.22222222222223
CT,total,1991.0,3302895.0,Connecticut,5544.0,595.7602813852814
CT,under18,1992.0,777264.0,Connecticut,5544.0,140.1991341991342
CT,total,1992.0,3300712.0,Connecticut,5544.0,595.3665223665224
CT,total,1990.0,3291967.0,Connecticut,5544.0,593.7891414141415
CT,under18,1990.0,752666.0,Connecticut,5544.0,135.76226551226551
DE,under18,1990.0,165628.0,Delaware,1954.0,84.76356192425793
DE,total,1990.0,669567.0,Delaware,1954.0,342.66479017400206
DE,under18,1992.0,174166.0,Delaware,1954.0,89.13306038894575
DE,total,1992.0,694927.0,Delaware,1954.0,355.64329580348004
DE,total,1991.0,683080.0,Delaware,1954.0,349.58034800409416
DE,under18,1991.0,169910.0,Delaware,1954.0,86.95496417604913
DE,total,1994.0,717545.0,Delaware,1954.0,367.2185261003071
DE,under18,1994.0,180833.0,Delaware,1954.0,92.54503582395087
DE,total,1993.0,706378.0,Delaware,1954.0,361.503582395087
DE,under18,1993.0,176916.0,Delaware,1954.0,90.54042988741044
DE,under18,1995.0,181736.0,Delaware,1954.0,93.007164790174
DE,total,1995.0,729735.0,Delaware,1954.0,373.457011258956
DE,total,1996.0,740978.0,Delaware,1954.0,379.21084953940635
DE,under18,1996.0,184021.0,Delaware,1954.0,94.17656090071648
DE,under18,1997.0,186607.0,Delaware,1954.0,95.5
DE,total,1997.0,751487.0,Delaware,1954.0,384.58904810644833
DE,total,1998.0,763335.0,Delaware,1954.0,390.6525076765609
DE,under18,1998.0,189302.0,Delaware,1954.0,96.8792221084954
DE,total,2000.0,786373.0,Delaware,1954.0,402.442681678608
DE,under18,2000.0,194914.0,Delaware,1954.0,99.75127942681678
DE,total,1999.0,774990.0,Delaware,1954.0,396.6171954964176
DE,under18,1999.0,192510.0,Delaware,1954.0,98.52098259979529
DE,total,2002.0,806169.0,Delaware,1954.0,412.57369498464686
DE,under18,2002.0,196946.0,Delaware,1954.0,100.79119754350052
DE,total,2001.0,795699.0,Delaware,1954.0,407.2154554759468
DE,under18,2001.0,196038.0,Delaware,1954.0,100.32650972364381
DE,total,2004.0,830803.0,Delaware,1954.0,425.1806550665302
DE,under18,2004.0,199631.0,Delaware,1954.0,102.16530194472877
DE,total,2003.0,818003.0,Delaware,1954.0,418.62998976458545
DE,under18,2003.0,198045.0,Delaware,1954.0,101.35363357215967
DE,total,2006.0,859268.0,Delaware,1954.0,439.7482088024565
DE,under18,2006.0,203729.0,Delaware,1954.0,104.26253838280451
DE,total,2005.0,845150.0,Delaware,1954.0,432.52302968270214
DE,under18,2005.0,201988.0,Delaware,1954.0,103.37154554759468
DE,total,2008.0,883874.0,Delaware,1954.0,452.3408393039918
DE,under18,2008.0,206116.0,Delaware,1954.0,105.48413510747186
DE,total,2007.0,871749.0,Delaware,1954.0,446.1356192425793
DE,under18,2007.0,205155.0,Delaware,1954.0,104.99232343909928
DE,under18,2013.0,203558.0,Delaware,1954.0,104.17502558853633
DE,total,2013.0,925749.0,Delaware,1954.0,473.7712384851587
DE,total,2009.0,891730.0,Delaware,1954.0,456.3613101330604
DE,under18,2009.0,206213.0,Delaware,1954.0,105.53377686796316
DE,under18,2010.0,205478.0,Delaware,1954.0,105.15762538382805
DE,total,2010.0,899711.0,Delaware,1954.0,460.4457523029683
DE,under18,2011.0,204801.0,Delaware,1954.0,104.81115660184237
DE,total,2011.0,907985.0,Delaware,1954.0,464.6801432958035
DE,under18,2012.0,204586.0,Delaware,1954.0,104.70112589559878
DE,total,2012.0,917053.0,Delaware,1954.0,469.32088024564996
DC,under18,2012.0,107642.0,District of Columbia,68.0,1582.9705882352941
DC,total,2012.0,633427.0,District of Columbia,68.0,9315.10294117647
DC,under18,2011.0,103906.0,District of Columbia,68.0,1528.0294117647059
DC,total,2011.0,619624.0,District of Columbia,68.0,9112.117647058823
DC,under18,2010.0,101309.0,District of Columbia,68.0,1489.8382352941176
DC,total,2010.0,605125.0,District of Columbia,68.0,8898.89705882353
DC,under18,2013.0,111474.0,District of Columbia,68.0,1639.3235294117646
DC,total,2013.0,646449.0,District of Columbia,68.0,9506.60294117647
DC,total,2009.0,592228.0,District of Columbia,68.0,8709.235294117647
DC,under18,2009.0,102098.0,District of Columbia,68.0,1501.4411764705883
DC,total,2007.0,574404.0,District of Columbia,68.0,8447.117647058823
DC,under18,2007.0,104126.0,District of Columbia,68.0,1531.264705882353
DC,total,2008.0,580236.0,District of Columbia,68.0,8532.882352941177
DC,under18,2008.0,102257.0,District of Columbia,68.0,1503.7794117647059
DC,total,2005.0,567136.0,District of Columbia,68.0,8340.235294117647
DC,under18,2005.0,107187.0,District of Columbia,68.0,1576.2794117647059
DC,total,2006.0,570681.0,District of Columbia,68.0,8392.367647058823
DC,under18,2006.0,105651.0,District of Columbia,68.0,1553.6911764705883
DC,total,2003.0,568502.0,District of Columbia,68.0,8360.323529411764
DC,under18,2003.0,111403.0,District of Columbia,68.0,1638.2794117647059
DC,total,2004.0,567754.0,District of Columbia,68.0,8349.323529411764
DC,under18,2004.0,109756.0,District of Columbia,68.0,1614.0588235294117
DC,total,2001.0,574504.0,District of Columbia,68.0,8448.588235294117
DC,under18,2001.0,114625.0,District of Columbia,68.0,1685.6617647058824
DC,total,2002.0,573158.0,District of Columbia,68.0,8428.79411764706
DC,under18,2002.0,113822.0,District of Columbia,68.0,1673.8529411764705
DC,total,1999.0,570220.0,District of Columbia,68.0,8385.588235294117
DC,under18,1999.0,115003.0,District of Columbia,68.0,1691.2205882352941
DC,total,2000.0,572046.0,District of Columbia,68.0,8412.441176470587
DC,under18,2000.0,114503.0,District of Columbia,68.0,1683.8676470588234
DC,under18,1998.0,113839.0,District of Columbia,68.0,1674.1029411764705
DC,total,1998.0,565232.0,District of Columbia,68.0,8312.235294117647
DC,under18,1997.0,119531.0,District of Columbia,68.0,1757.8088235294117
DC,total,1997.0,567739.0,District of Columbia,68.0,8349.10294117647
DC,under18,1996.0,121210.0,District of Columbia,68.0,1782.5
DC,total,1996.0,572379.0,District of Columbia,68.0,8417.338235294117
DC,total,1995.0,580519.0,District of Columbia,68.0,8537.04411764706
DC,under18,1995.0,123620.0,District of Columbia,68.0,1817.9411764705883
DC,total,1993.0,595302.0,District of Columbia,68.0,8754.441176470587
DC,under18,1993.0,120471.0,District of Columbia,68.0,1771.6323529411766
DC,under18,1994.0,122170.0,District of Columbia,68.0,1796.6176470588234
DC,total,1994.0,589240.0,District of Columbia,68.0,8665.29411764706
DC,total,1991.0,600870.0,District of Columbia,68.0,8836.323529411764
DC,under18,1991.0,116825.0,District of Columbia,68.0,1718.014705882353
DC,under18,1992.0,118636.0,District of Columbia,68.0,1744.6470588235295
DC,total,1992.0,597567.0,District of Columbia,68.0,8787.75
DC,under18,1990.0,112632.0,District of Columbia,68.0,1656.3529411764705
DC,total,1990.0,605321.0,District of Columbia,68.0,8901.779411764706
FL,total,1990.0,13033307.0,Florida,65758.0,198.20108579944645
FL,under18,1990.0,2988807.0,Florida,65758.0,45.45161045043949
FL,under18,1991.0,3045638.0,Florida,65758.0,46.31585510508227
FL,total,1991.0,13369798.0,Florida,65758.0,203.31819702545698
FL,total,1994.0,14239444.0,Florida,65758.0,216.54314303963017
FL,under18,1994.0,3299887.0,Florida,65758.0,50.18228960734815
FL,under18,1993.0,3214066.0,Florida,65758.0,48.877186045804315
FL,total,1993.0,13927185.0,Florida,65758.0,211.79453450530733
FL,total,1992.0,13650553.0,Florida,65758.0,207.58771556312539
FL,under18,1992.0,3120439.0,Florida,65758.0,47.4533744943581
FL,under18,1995.0,3366468.0,Florida,65758.0,51.1948051948052
FL,total,1995.0,14537875.0,Florida,65758.0,221.08146537303446
FL,total,1996.0,14853360.0,Florida,65758.0,225.87913257702485
FL,under18,1996.0,3431695.0,Florida,65758.0,52.186730131695
FL,under18,1998.0,3557561.0,Florida,65758.0,54.10080902703854
FL,under18,1997.0,3502269.0,Florida,65758.0,53.25996836886767
FL,total,1997.0,15186304.0,Florida,65758.0,230.9423035980413
FL,total,1998.0,15486559.0,Florida,65758.0,235.50836400133824
FL,total,1999.0,15759421.0,Florida,65758.0,239.65785151616532
FL,under18,1999.0,3611711.0,Florida,65758.0,54.92428297697619
FL,total,2000.0,16047515.0,Florida,65758.0,244.0389762462362
FL,under18,2000.0,3654880.0,Florida,65758.0,55.58076583837708
FL,total,2001.0,16356966.0,Florida,65758.0,248.7448827519085
FL,under18,2001.0,3714439.0,Florida,65758.0,56.48649593965753
FL,total,2002.0,16689370.0,Florida,65758.0,253.79984184433832
FL,under18,2002.0,3774624.0,Florida,65758.0,57.40174579518842
FL,total,2003.0,17004085.0,Florida,65758.0,258.5857994464552
FL,under18,2003.0,3820876.0,Florida,65758.0,58.10511268590894
FL,total,2004.0,17415318.0,Florida,65758.0,264.8395328325071
FL,under18,2004.0,3890734.0,Florida,65758.0,59.16746251406673
FL,total,2005.0,17842038.0,Florida,65758.0,271.3287812889686
FL,under18,2005.0,3968178.0,Florida,65758.0,60.34517473159159
FL,total,2006.0,18166990.0,Florida,65758.0,276.2704157669029
FL,under18,2006.0,4022912.0,Florida,65758.0,61.177529730222936
FL,total,2007.0,18367842.0,Florida,65758.0,279.32482739742693
FL,under18,2007.0,4031098.0,Florida,65758.0,61.30201648468628
FL,total,2008.0,18527305.0,Florida,65758.0,281.74982511633567
FL,under18,2008.0,4018372.0,Florida,65758.0,61.108488700994556
FL,total,2009.0,18652644.0,Florida,65758.0,283.65588977766964
FL,under18,2009.0,3997283.0,Florida,65758.0,60.787782475136105
FL,under18,2013.0,4026674.0,Florida,65758.0,61.2347394993765
FL,total,2013.0,19552860.0,Florida,65758.0,297.34572219349735
FL,under18,2010.0,3999532.0,Florida,65758.0,60.82198363697193
FL,total,2010.0,18846054.0,Florida,65758.0,286.59712886644974
FL,under18,2011.0,4002550.0,Florida,65758.0,60.867879193406125
FL,total,2011.0,19083482.0,Florida,65758.0,290.2077617932419
FL,under18,2012.0,4012421.0,Florida,65758.0,61.017990206514796
FL,total,2012.0,19320749.0,Florida,65758.0,293.81594634873323
GA,total,2012.0,9915646.0,Georgia,59441.0,166.81492572466817
GA,under18,2012.0,2487831.0,Georgia,59441.0,41.853787789572856
GA,under18,2011.0,2488898.0,Georgia,59441.0,41.871738362409786
GA,total,2011.0,9810181.0,Georgia,59441.0,165.04064534580507
GA,under18,2010.0,2490884.0,Georgia,59441.0,41.90514964418499
GA,total,2010.0,9713248.0,Georgia,59441.0,163.40990225601857
GA,total,2013.0,9992167.0,Georgia,59441.0,168.10226947729683
GA,total,2009.0,9620846.0,Georgia,59441.0,161.8553860130213
GA,under18,2009.0,2485781.0,Georgia,59441.0,41.819299809895526
GA,under18,2013.0,2489709.0,Georgia,59441.0,41.88538214363823
GA,total,2007.0,9349988.0,Georgia,59441.0,157.2986322571962
GA,under18,2007.0,2456249.0,Georgia,59441.0,41.32247102168537
GA,total,2008.0,9504843.0,Georgia,59441.0,159.90382059521207
GA,under18,2008.0,2479097.0,Georgia,59441.0,41.70685217274272
GA,total,2005.0,8925922.0,Georgia,59441.0,150.16439831093015
GA,under18,2005.0,2353604.0,Georgia,59441.0,39.59563264413452
GA,total,2006.0,9155813.0,Georgia,59441.0,154.03194764556451
GA,under18,2006.0,2406014.0,Georgia,59441.0,40.47734728554365
GA,total,2003.0,8622793.0,Georgia,59441.0,145.06473646136504
GA,under18,2003.0,2278710.0,Georgia,59441.0,38.335660570986356
GA,total,2004.0,8769252.0,Georgia,59441.0,147.52867549334636
GA,under18,2004.0,2308855.0,Georgia,59441.0,38.84280210629027
GA,total,2001.0,8377038.0,Georgia,59441.0,140.93030063424237
GA,under18,2001.0,2215390.0,Georgia,59441.0,37.270402584074965
GA,total,2002.0,8508256.0,Georgia,59441.0,143.13783415487626
GA,under18,2002.0,2249784.0,Georgia,59441.0,37.84902676603691
GA,total,1999.0,8045965.0,Georgia,59441.0,135.36052556316346
GA,under18,1999.0,2130698.0,Georgia,59441.0,35.8455947914739
GA,total,2000.0,8227303.0,Georgia,59441.0,138.41124812839624
GA,under18,2000.0,2176576.0,Georgia,59441.0,36.61741895324776
GA,total,1997.0,7685099.0,Georgia,59441.0,129.28953079524234
GA,under18,1997.0,2034163.0,Georgia,59441.0,34.22154741676621
GA,under18,1998.0,2078998.0,Georgia,59441.0,34.97582476741643
GA,total,1998.0,7863536.0,Georgia,59441.0,132.2914486633805
GA,under18,1996.0,1993171.0,Georgia,59441.0,33.531922410457426
GA,total,1996.0,7501069.0,Georgia,59441.0,126.1935196245016
GA,total,1995.0,7328413.0,Georgia,59441.0,123.28885785905352
GA,under18,1995.0,1949818.0,Georgia,59441.0,32.802577345603204
GA,under18,1992.0,1817781.0,Georgia,59441.0,30.581265456503086
GA,total,1992.0,6817203.0,Georgia,59441.0,114.68856513181137
GA,total,1993.0,6978240.0,Georgia,59441.0,117.39775575781026
GA,under18,1993.0,1865021.0,Georgia,59441.0,31.37600309550647
GA,under18,1994.0,1906539.0,Georgia,59441.0,32.074477212698305
GA,total,1994.0,7157165.0,Georgia,59441.0,120.4078834474521
GA,total,1991.0,6653005.0,Georgia,59441.0,111.92619572349052
GA,under18,1991.0,1773675.0,Georgia,59441.0,29.839252367894215
GA,under18,1990.0,1747363.0,Georgia,59441.0,29.39659494288454
GA,total,1990.0,6512602.0,Georgia,59441.0,109.56413923049747
HI,under18,1990.0,279983.0,Hawaii,10932.0,25.611324551774608
HI,total,1990.0,1113491.0,Hawaii,10932.0,101.85611050128064
HI,total,1991.0,1136754.0,Hawaii,10932.0,103.9840834248079
HI,under18,1991.0,287871.0,Hawaii,10932.0,26.332875960482987
HI,under18,1994.0,307517.0,Hawaii,10932.0,28.129985364068787
HI,total,1994.0,1187536.0,Hawaii,10932.0,108.6293450420783
HI,total,1993.0,1172838.0,Hawaii,10932.0,107.28485181119649
HI,under18,1993.0,301473.0,Hawaii,10932.0,27.577113062568607
HI,under18,1992.0,295124.0,Hawaii,10932.0,26.99634101719722
HI,total,1992.0,1158613.0,Hawaii,10932.0,105.98362605195756
HI,total,1995.0,1196854.0,Hawaii,10932.0,109.48170508598609
HI,under18,1995.0,310325.0,Hawaii,10932.0,28.386845956824004
HI,under18,1996.0,311213.0,Hawaii,10932.0,28.468075375045736
HI,total,1996.0,1203755.0,Hawaii,10932.0,110.11297109403586
HI,under18,1998.0,304576.0,Hawaii,10932.0,27.86095865349433
HI,total,1998.0,1215233.0,Hawaii,10932.0,111.16291620929381
HI,total,1997.0,1211640.0,Hawaii,10932.0,110.83424807903403
HI,under18,1997.0,309465.0,Hawaii,10932.0,28.308177826564215
HI,total,2000.0,1213519.0,Hawaii,10932.0,111.00612879619466
HI,under18,2000.0,295352.0,Hawaii,10932.0,27.01719721917307
HI,total,1999.0,1210300.0,Hawaii,10932.0,110.71167215514087
HI,under18,1999.0,299680.0,Hawaii,10932.0,27.413099158433955
HI,total,2002.0,1239613.0,Hawaii,10932.0,113.39306622758873
HI,under18,2002.0,293600.0,Hawaii,10932.0,26.85693377241127
HI,total,2001.0,1225948.0,Hawaii,10932.0,112.14306622758873
HI,under18,2001.0,294133.0,Hawaii,10932.0,26.905689718258323
HI,total,2004.0,1273569.0,Hawaii,10932.0,116.49917672886937
HI,under18,2004.0,298103.0,Hawaii,10932.0,27.268843761434322
HI,total,2003.0,1251154.0,Hawaii,10932.0,114.44877424076107
HI,under18,2003.0,294519.0,Hawaii,10932.0,26.94099890230516
HI,total,2006.0,1309731.0,Hawaii,10932.0,119.80708013172338
HI,under18,2006.0,299313.0,Hawaii,10932.0,27.379527991218442
HI,total,2005.0,1292729.0,Hawaii,10932.0,118.2518294914014
HI,under18,2005.0,298497.0,Hawaii,10932.0,27.30488474204171
HI,total,2008.0,1332213.0,Hawaii,10932.0,121.86361141602634
HI,under18,2008.0,301094.0,Hawaii,10932.0,27.542444200512257
HI,total,2007.0,1315675.0,Hawaii,10932.0,120.35080497621661
HI,under18,2007.0,300207.0,Hawaii,10932.0,27.461306256860592
HI,under18,2013.0,307266.0,Hawaii,10932.0,28.10702524698134
HI,total,2009.0,1346717.0,Hawaii,10932.0,123.19035858031467
HI,under18,2009.0,302796.0,Hawaii,10932.0,27.698133918770584
HI,total,2013.0,1404054.0,Hawaii,10932.0,128.4352360043908
HI,total,2010.0,1363731.0,Hawaii,10932.0,124.7467069154775
HI,under18,2010.0,303812.0,Hawaii,10932.0,27.791072081961214
HI,total,2011.0,1376897.0,Hawaii,10932.0,125.95106110501281
HI,under18,2011.0,305396.0,Hawaii,10932.0,27.935967800951335
HI,under18,2012.0,305981.0,Hawaii,10932.0,27.989480424442004
HI,total,2012.0,1390090.0,Hawaii,10932.0,127.15788510793999
ID,total,2012.0,1595590.0,Idaho,83574.0,19.09194247014622
ID,under18,2012.0,427177.0,Idaho,83574.0,5.111362385430875
ID,under18,2011.0,428535.0,Idaho,83574.0,5.127611458108981
ID,total,2011.0,1583930.0,Idaho,83574.0,18.95242539545792
ID,under18,2010.0,428961.0,Idaho,83574.0,5.132708737167062
ID,total,2010.0,1570718.0,Idaho,83574.0,18.79433795199464
ID,total,2013.0,1612136.0,Idaho,83574.0,19.289922703233064
ID,total,2009.0,1554439.0,Idaho,83574.0,18.599552492401944
ID,under18,2009.0,426076.0,Idaho,83574.0,5.098188431808936
ID,under18,2013.0,427781.0,Idaho,83574.0,5.118589513485055
ID,total,2007.0,1505105.0,Idaho,83574.0,18.009249288056093
ID,under18,2007.0,415024.0,Idaho,83574.0,4.965946346950008
ID,total,2008.0,1534320.0,Idaho,83574.0,18.358819728623736
ID,under18,2008.0,422347.0,Idaho,83574.0,5.053569291885036
ID,total,2005.0,1428241.0,Idaho,83574.0,17.089537415942758
ID,under18,2005.0,394651.0,Idaho,83574.0,4.7221743604470285
ID,total,2006.0,1468669.0,Idaho,83574.0,17.573276377820854
ID,under18,2006.0,404753.0,Idaho,83574.0,4.843049273697561
ID,total,2003.0,1363380.0,Idaho,83574.0,16.31344676574054
ID,under18,2003.0,379241.0,Idaho,83574.0,4.537786871515064
ID,total,2004.0,1391802.0,Idaho,83574.0,16.65352860937612
ID,under18,2004.0,384692.0,Idaho,83574.0,4.603010505659655
ID,total,2001.0,1319962.0,Idaho,83574.0,15.793931126905496
ID,under18,2001.0,373145.0,Idaho,83574.0,4.4648455261205635
ID,total,2002.0,1340372.0,Idaho,83574.0,16.038145834829013
ID,under18,2002.0,375986.0,Idaho,83574.0,4.498839351951564
ID,total,1999.0,1275674.0,Idaho,83574.0,15.264005551965923
ID,under18,1999.0,366689.0,Idaho,83574.0,4.387596620958671
ID,total,2000.0,1299430.0,Idaho,83574.0,15.548256634838586
ID,under18,2000.0,370430.0,Idaho,83574.0,4.432359346208151
ID,total,1997.0,1228520.0,Idaho,83574.0,14.69978701510039
ID,under18,1997.0,357779.0,Idaho,83574.0,4.2809845167157246
ID,under18,1998.0,362189.0,Idaho,83574.0,4.333752123866274
ID,total,1998.0,1252330.0,Idaho,83574.0,14.984684231938163
ID,under18,1996.0,353824.0,Idaho,83574.0,4.233661186493407
ID,total,1996.0,1203083.0,Idaho,83574.0,14.395422021202766
ID,total,1995.0,1177322.0,Idaho,83574.0,14.08718022351449
ID,under18,1995.0,349248.0,Idaho,83574.0,4.178907315672339
ID,under18,1992.0,324972.0,Idaho,83574.0,3.8884342020245533
ID,total,1992.0,1071685.0,Idaho,83574.0,12.823186636992366
ID,total,1993.0,1108768.0,Idaho,83574.0,13.266901189365113
ID,under18,1993.0,333838.0,Idaho,83574.0,3.994519826740374
ID,under18,1994.0,344242.0,Idaho,83574.0,4.119008304017996
ID,total,1994.0,1145140.0,Idaho,83574.0,13.702108311197263
ID,total,1991.0,1041316.0,Idaho,83574.0,12.459808074281476
ID,under18,1991.0,316732.0,Idaho,83574.0,3.789838945126475
ID,under18,1990.0,313373.0,Idaho,83574.0,3.74964701940795
ID,total,1990.0,1012384.0,Idaho,83574.0,12.113623854308756
IL,under18,1990.0,2940837.0,Illinois,57918.0,50.775872785662486
IL,total,1990.0,11453316.0,Illinois,57918.0,197.75054387237128
IL,total,1991.0,11568964.0,Illinois,57918.0,199.74729790393314
IL,under18,1991.0,2988715.0,Illinois,57918.0,51.602524258434336
IL,under18,1994.0,3110938.0,Illinois,57918.0,53.71280085638316
IL,total,1994.0,11912585.0,Illinois,57918.0,205.6801857798957
IL,total,1993.0,11809579.0,Illinois,57918.0,203.90170586000897
IL,under18,1993.0,3066541.0,Illinois,57918.0,52.946251597085535
IL,under18,1992.0,3033427.0,Illinois,57918.0,52.374512241444805
IL,total,1992.0,11694184.0,Illinois,57918.0,201.90932007320694
IL,total,1995.0,12008437.0,Illinois,57918.0,207.33514624123762
IL,under18,1995.0,3152984.0,Illinois,57918.0,54.438758244414515
IL,under18,1996.0,3192916.0,Illinois,57918.0,55.1282157533064
IL,total,1996.0,12101997.0,Illinois,57918.0,208.95053351289755
IL,under18,1998.0,3225252.0,Illinois,57918.0,55.68652232466591
IL,total,1998.0,12271847.0,Illinois,57918.0,211.8831278704375
IL,total,1997.0,12185715.0,Illinois,57918.0,210.3959908836631
IL,under18,1997.0,3222114.0,Illinois,57918.0,55.63234227701233
IL,total,2000.0,12434161.0,Illinois,57918.0,214.685607237819
IL,under18,2000.0,3244944.0,Illinois,57918.0,56.02652025277116
IL,total,1999.0,12359020.0,Illinois,57918.0,213.38823854414863
IL,under18,1999.0,3240034.0,Illinois,57918.0,55.94174522600918
IL,total,2002.0,12525556.0,Illinois,57918.0,216.26361407507164
IL,under18,2002.0,3238362.0,Illinois,57918.0,55.912876825857246
IL,total,2001.0,12488445.0,Illinois,57918.0,215.6228633585414
IL,under18,2001.0,3243617.0,Illinois,57918.0,56.003608550018996
IL,total,2004.0,12589773.0,Illinois,57918.0,217.3723712835388
IL,under18,2004.0,3211599.0,Illinois,57918.0,55.45079249974101
IL,total,2003.0,12556006.0,Illinois,57918.0,216.78935736731242
IL,under18,2003.0,3225547.0,Illinois,57918.0,55.69161573258745
IL,total,2006.0,12643955.0,Illinois,57918.0,218.30786629372562
IL,under18,2006.0,3181246.0,Illinois,57918.0,54.92672398908802
IL,total,2005.0,12609903.0,Illinois,57918.0,217.71993162747333
IL,under18,2005.0,3197318.0,Illinois,57918.0,55.20421975896958
IL,total,2008.0,12747038.0,Illinois,57918.0,220.08767567940882
IL,under18,2008.0,3153401.0,Illinois,57918.0,54.44595807866294
IL,total,2007.0,12695866.0,Illinois,57918.0,219.2041506958113
IL,under18,2007.0,3170134.0,Illinois,57918.0,54.73486653544666
IL,under18,2013.0,3023307.0,Illinois,57918.0,52.19978245105148
IL,total,2009.0,12796778.0,Illinois,57918.0,220.94647605234988
IL,under18,2009.0,3138406.0,Illinois,57918.0,54.18705756414241
IL,total,2013.0,12882135.0,Illinois,57918.0,222.42023205221176
IL,total,2010.0,12839695.0,Illinois,57918.0,221.68747194309196
IL,under18,2010.0,3122092.0,Illinois,57918.0,53.90538347318623
IL,total,2011.0,12855970.0,Illinois,57918.0,221.96847266825512
IL,under18,2011.0,3089833.0,Illinois,57918.0,53.34840636762319
IL,under18,2012.0,3057042.0,Illinois,57918.0,52.78224386201181
IL,total,2012.0,12868192.0,Illinois,57918.0,222.17949514831312
IN,total,2012.0,6537782.0,Indiana,36420.0,179.51076331685886
IN,under18,2012.0,1589655.0,Indiana,36420.0,43.647858319604616
IN,under18,2011.0,1598091.0,Indiana,36420.0,43.87948929159802
IN,total,2011.0,6516336.0,Indiana,36420.0,178.92191103789128
IN,under18,2010.0,1605883.0,Indiana,36420.0,44.093437671609
IN,total,2010.0,6489965.0,Indiana,36420.0,178.19783086216364
IN,total,2013.0,6570902.0,Indiana,36420.0,180.4201537616694
IN,total,2009.0,6459325.0,Indiana,36420.0,177.35653487095001
IN,under18,2009.0,1609704.0,Indiana,36420.0,44.19835255354201
IN,under18,2013.0,1586027.0,Indiana,36420.0,43.548242723778145
IN,total,2007.0,6379599.0,Indiana,36420.0,175.1674629324547
IN,under18,2007.0,1609494.0,Indiana,36420.0,44.19258649093904
IN,total,2008.0,6424806.0,Indiana,36420.0,176.40873146622735
IN,under18,2008.0,1611494.0,Indiana,36420.0,44.24750137287205
IN,total,2005.0,6278616.0,Indiana,36420.0,172.39472817133444
IN,under18,2005.0,1593898.0,Indiana,36420.0,43.76436024162548
IN,total,2006.0,6332669.0,Indiana,36420.0,173.87888522789677
IN,under18,2006.0,1603107.0,Indiana,36420.0,44.017215815486
IN,total,2003.0,6196638.0,Indiana,36420.0,170.14382207578254
IN,under18,2003.0,1582560.0,Indiana,36420.0,43.45304777594728
IN,total,2004.0,6233007.0,Indiana,36420.0,171.14242174629325
IN,under18,2004.0,1586281.0,Indiana,36420.0,43.55521691378364
IN,total,2001.0,6127760.0,Indiana,36420.0,168.2526084568918
IN,under18,2001.0,1579527.0,Indiana,36420.0,43.36976935749588
IN,total,2002.0,6155967.0,Indiana,36420.0,169.02710049423393
IN,under18,2002.0,1580814.0,Indiana,36420.0,43.40510708401977
IN,total,1999.0,6044970.0,Indiana,36420.0,165.97940691927514
IN,under18,1999.0,1566079.0,Indiana,36420.0,43.00052169137837
IN,total,2000.0,6091866.0,Indiana,36420.0,167.2670510708402
IN,under18,2000.0,1574989.0,Indiana,36420.0,43.245167490389896
IN,total,1997.0,5955267.0,Indiana,36420.0,163.516392092257
IN,under18,1997.0,1539270.0,Indiana,36420.0,42.26441515650741
IN,under18,1998.0,1551960.0,Indiana,36420.0,42.612850082372326
IN,total,1998.0,5998881.0,Indiana,36420.0,164.71392092257003
IN,under18,1996.0,1517961.0,Indiana,36420.0,41.67932454695222
IN,total,1996.0,5906013.0,Indiana,36420.0,162.16400329489292
IN,total,1995.0,5851459.0,Indiana,36420.0,160.66609006040636
IN,under18,1995.0,1507916.0,Indiana,36420.0,41.40351455244371
IN,under18,1992.0,1461650.0,Indiana,36420.0,40.13316858868753
IN,total,1992.0,5674547.0,Indiana,36420.0,155.8085392641406
IN,total,1993.0,5739019.0,Indiana,36420.0,157.5787753981329
IN,under18,1993.0,1473007.0,Indiana,36420.0,40.4450027457441
IN,under18,1994.0,1491802.0,Indiana,36420.0,40.961065348709504
IN,total,1994.0,5793526.0,Indiana,36420.0,159.075398132894
IN,total,1991.0,5616388.0,Indiana,36420.0,154.2116419549698
IN,under18,1991.0,1450759.0,Indiana,36420.0,39.83412959912136
IN,under18,1990.0,1437209.0,Indiana,36420.0,39.46208127402526
IN,total,1990.0,5557798.0,Indiana,36420.0,152.60291048874245
IA,under18,1990.0,719366.0,Iowa,56276.0,12.782820385244154
IA,total,1990.0,2781018.0,Iowa,56276.0,49.41747814343592
IA,total,1991.0,2797613.0,Iowa,56276.0,49.71236406283318
IA,under18,1991.0,724446.0,Iowa,56276.0,12.873089771838794
IA,under18,1994.0,728397.0,Iowa,56276.0,12.943297320349705
IA,total,1994.0,2850746.0,Iowa,56276.0,50.65651432226882
IA,total,1993.0,2836972.0,Iowa,56276.0,50.41175634373445
IA,under18,1993.0,727751.0,Iowa,56276.0,12.931818181818182
IA,under18,1992.0,724798.0,Iowa,56276.0,12.879344658468975
IA,total,1992.0,2818401.0,Iowa,56276.0,50.08175776529959
IA,total,1995.0,2867373.0,Iowa,56276.0,50.951968867723366
IA,under18,1995.0,726961.0,Iowa,56276.0,12.917780226028858
IA,under18,1996.0,729177.0,Iowa,56276.0,12.957157580496126
IA,total,1996.0,2880001.0,Iowa,56276.0,51.17636292558107
IA,under18,1998.0,729943.0,Iowa,56276.0,12.970769066742484
IA,total,1998.0,2902872.0,Iowa,56276.0,51.58277063046414
IA,total,1997.0,2891119.0,Iowa,56276.0,51.373924941360436
IA,under18,1997.0,729806.0,Iowa,56276.0,12.968334636434715
IA,total,2000.0,2929067.0,Iowa,56276.0,52.04824436704812
IA,under18,2000.0,733337.0,Iowa,56276.0,13.031078967943706
IA,total,1999.0,2917634.0,Iowa,56276.0,51.84508493851731
IA,under18,1999.0,732671.0,Iowa,56276.0,13.019244438126377
IA,total,2002.0,2934234.0,Iowa,56276.0,52.140059705736014
IA,under18,2002.0,723685.0,Iowa,56276.0,12.859567133413888
IA,total,2001.0,2931997.0,Iowa,56276.0,52.10030919041865
IA,under18,2001.0,728601.0,Iowa,56276.0,12.946922311464922
IA,total,2004.0,2953635.0,Iowa,56276.0,52.48480702253181
IA,under18,2004.0,718708.0,Iowa,56276.0,12.771128011941148
IA,total,2003.0,2941999.0,Iowa,56276.0,52.278040372450064
IA,under18,2003.0,720102.0,Iowa,56276.0,12.795898784561803
IA,total,2006.0,2982644.0,Iowa,56276.0,53.000284313028644
IA,under18,2006.0,721703.0,Iowa,56276.0,12.824347856990547
IA,total,2005.0,2964454.0,Iowa,56276.0,52.67705593858839
IA,under18,2005.0,718488.0,Iowa,56276.0,12.767218707797285
IA,total,2008.0,3016734.0,Iowa,56276.0,53.60604875968441
IA,under18,2008.0,725658.0,Iowa,56276.0,12.894626483758618
IA,total,2007.0,2999212.0,Iowa,56276.0,53.29469045419006
IA,under18,2007.0,723632.0,Iowa,56276.0,12.858625346506503
IA,under18,2013.0,724032.0,Iowa,56276.0,12.865733172222617
IA,total,2009.0,3032870.0,Iowa,56276.0,53.89277844907243
IA,under18,2009.0,726969.0,Iowa,56276.0,12.91792238254318
IA,total,2013.0,3090416.0,Iowa,56276.0,54.91534579572109
IA,total,2010.0,3050314.0,Iowa,56276.0,54.20275072855213
IA,under18,2010.0,727717.0,Iowa,56276.0,12.931214016632312
IA,total,2011.0,3064102.0,Iowa,56276.0,54.44775748098657
IA,under18,2011.0,725522.0,Iowa,56276.0,12.89220982301514
IA,under18,2012.0,723917.0,Iowa,56276.0,12.863689672329235
IA,total,2012.0,3075039.0,Iowa,56276.0,54.6421032056294
KS,total,2012.0,2885398.0,Kansas,82282.0,35.067183588148076
KS,under18,2012.0,726668.0,Kansas,82282.0,8.831433363311538
KS,under18,2011.0,726787.0,Kansas,82282.0,8.832879609149025
KS,total,2011.0,2869548.0,Kansas,82282.0,34.87455336525607
KS,under18,2010.0,727729.0,Kansas,82282.0,8.844328042585255
KS,total,2010.0,2858910.0,Kansas,82282.0,34.745266279380665
KS,total,2013.0,2893957.0,Kansas,82282.0,35.17120390850976
KS,total,2009.0,2832704.0,Kansas,82282.0,34.426776208648306
KS,under18,2009.0,721841.0,Kansas,82282.0,8.772769256945626
KS,under18,2013.0,724092.0,Kansas,82282.0,8.8001263945942
KS,total,2007.0,2783785.0,Kansas,82282.0,33.832247636178025
KS,under18,2007.0,711005.0,Kansas,82282.0,8.641075812449868
KS,total,2008.0,2808076.0,Kansas,82282.0,34.12746408692059
KS,under18,2008.0,714689.0,Kansas,82282.0,8.685848666780098
KS,total,2005.0,2745299.0,Kansas,82282.0,33.364514717678226
KS,under18,2005.0,704689.0,Kansas,82282.0,8.564315403125836
KS,total,2006.0,2762931.0,Kansas,82282.0,33.57880216815342
KS,under18,2006.0,705277.0,Kansas,82282.0,8.571461559028705
KS,total,2003.0,2723004.0,Kansas,82282.0,33.09355630636105
KS,under18,2003.0,707847.0,Kansas,82282.0,8.602695607787851
KS,total,2004.0,2734373.0,Kansas,82282.0,33.231727473809585
KS,under18,2004.0,705456.0,Kansas,82282.0,8.573637004448118
KS,total,2001.0,2702162.0,Kansas,82282.0,32.840256678252835
KS,under18,2001.0,710923.0,Kansas,82282.0,8.640079239687903
KS,total,2002.0,2713535.0,Kansas,82282.0,32.97847645900683
KS,under18,2002.0,709416.0,Kansas,82282.0,8.621764176855205
KS,total,1999.0,2678338.0,Kansas,82282.0,32.550715830922925
KS,under18,1999.0,713022.0,Kansas,82282.0,8.665589071728933
KS,total,2000.0,2693681.0,Kansas,82282.0,32.737184317347655
KS,under18,2000.0,713887.0,Kansas,82282.0,8.676101699035026
KS,total,1997.0,2635292.0,Kansas,82282.0,32.02756374419679
KS,under18,1997.0,704001.0,Kansas,82282.0,8.555953914586423
KS,under18,1998.0,710402.0,Kansas,82282.0,8.633747356651515
KS,total,1998.0,2660598.0,Kansas,82282.0,32.33511582120026
KS,under18,1996.0,696298.0,Kansas,82282.0,8.462336841593544
KS,total,1996.0,2614554.0,Kansas,82282.0,31.775528062030578
KS,total,1995.0,2601008.0,Kansas,82282.0,31.610899103084513
KS,under18,1995.0,694124.0,Kansas,82282.0,8.435915510075107
KS,under18,1992.0,680871.0,Kansas,82282.0,8.274847475754115
KS,total,1992.0,2532395.0,Kansas,82282.0,30.777022921173526
KS,total,1993.0,2556547.0,Kansas,82282.0,31.070550059551298
KS,under18,1993.0,687262.0,Kansas,82282.0,8.352519384555553
KS,under18,1994.0,693673.0,Kansas,82282.0,8.4304343598843
KS,total,1994.0,2580513.0,Kansas,82282.0,31.361816679225104
KS,total,1991.0,2498722.0,Kansas,82282.0,30.36778396247053
KS,under18,1991.0,672033.0,Kansas,82282.0,8.167436377336477
KS,under18,1990.0,662641.0,Kansas,82282.0,8.053292336112394
KS,total,1990.0,2481349.0,Kansas,82282.0,30.15664422352398
KY,under18,1990.0,945951.0,Kentucky,40411.0,23.408255178045582
KY,total,1990.0,3694048.0,Kentucky,40411.0,91.41194229294004
KY,total,1991.0,3722328.0,Kentucky,40411.0,92.11175175076093
KY,under18,1991.0,951512.0,Kentucky,40411.0,23.545866224542824
KY,under18,1994.0,981439.0,Kentucky,40411.0,24.28643191210314
KY,total,1994.0,3849088.0,Kentucky,40411.0,95.24852144218158
KY,total,1993.0,3812206.0,Kentucky,40411.0,94.33584914998391
KY,under18,1993.0,971134.0,Kentucky,40411.0,24.031427086684317
KY,under18,1992.0,963861.0,Kentucky,40411.0,23.851451337507115
KY,total,1992.0,3765469.0,Kentucky,40411.0,93.17930761426344
KY,total,1995.0,3887427.0,Kentucky,40411.0,96.19724827398481
KY,under18,1995.0,984486.0,Kentucky,40411.0,24.361832174407958
KY,under18,1996.0,987062.0,Kentucky,40411.0,24.425577194328277
KY,total,1996.0,3919536.0,Kentucky,40411.0,96.99180916087204
KY,under18,1998.0,997296.0,Kentucky,40411.0,24.678825072381283
KY,total,1998.0,3985391.0,Kentucky,40411.0,98.62143970701047
KY,total,1997.0,3952747.0,Kentucky,40411.0,97.81363985053575
KY,under18,1997.0,1002609.0,Kentucky,40411.0,24.81029917596694
KY,total,2000.0,4049021.0,Kentucky,40411.0,100.19601098710747
KY,under18,2000.0,994984.0,Kentucky,40411.0,24.621612927173295
KY,total,1999.0,4018053.0,Kentucky,40411.0,99.42968498676103
KY,under18,1999.0,996382.0,Kentucky,40411.0,24.65620746826359
KY,total,2002.0,4089875.0,Kentucky,40411.0,101.20697334884066
KY,under18,2002.0,995251.0,Kentucky,40411.0,24.628220039098267
KY,total,2001.0,4068132.0,Kentucky,40411.0,100.6689267773626
KY,under18,2001.0,994105.0,Kentucky,40411.0,24.59986142386974
KY,total,2004.0,4146101.0,Kentucky,40411.0,102.59832718814184
KY,under18,2004.0,998459.0,Kentucky,40411.0,24.707604365148104
KY,total,2003.0,4117170.0,Kentucky,40411.0,101.88240825517805
KY,under18,2003.0,998485.0,Kentucky,40411.0,24.70824775432432
KY,total,2006.0,4219239.0,Kentucky,40411.0,104.40818094083293
KY,under18,2006.0,1011295.0,Kentucky,40411.0,25.02524065229764
KY,total,2005.0,4182742.0,Kentucky,40411.0,103.50503575759076
KY,under18,2005.0,1004020.0,Kentucky,40411.0,24.845215411645345
KY,total,2008.0,4289878.0,Kentucky,40411.0,106.15619509539482
KY,under18,2008.0,1022001.0,Kentucky,40411.0,25.290168518472694
KY,total,2007.0,4256672.0,Kentucky,40411.0,105.33448813441885
KY,under18,2007.0,1016288.0,Kentucky,40411.0,25.148796119868354
KY,under18,2013.0,1014004.0,Kentucky,40411.0,25.092276855311674
KY,total,2009.0,4317074.0,Kentucky,40411.0,106.82918017371507
KY,under18,2009.0,1021710.0,Kentucky,40411.0,25.2829675088466
KY,total,2013.0,4395295.0,Kentucky,40411.0,108.76481651035608
KY,total,2010.0,4347698.0,Kentucky,40411.0,107.58699364034545
KY,under18,2010.0,1023679.0,Kentucky,40411.0,25.331691866076067
KY,total,2011.0,4366869.0,Kentucky,40411.0,108.06139417485338
KY,under18,2011.0,1021926.0,Kentucky,40411.0,25.28831258815669
KY,under18,2012.0,1017350.0,Kentucky,40411.0,25.175076093142955
KY,total,2012.0,4379730.0,Kentucky,40411.0,108.37964910544159
LA,total,2012.0,4602134.0,Louisiana,51843.0,88.77059583743225
LA,under18,2012.0,1114620.0,Louisiana,51843.0,21.499913199467624
LA,under18,2011.0,1116579.0,Louisiana,51843.0,21.537700364562237
LA,total,2011.0,4575197.0,Louisiana,51843.0,88.25100785062592
LA,under18,2010.0,1118576.0,Louisiana,51843.0,21.576220511930252
LA,total,2010.0,4545392.0,Louisiana,51843.0,87.67609899118493
LA,total,2013.0,4625470.0,Louisiana,51843.0,89.22072410933009
LA,total,2009.0,4491648.0,Louisiana,51843.0,86.63943058850761
LA,under18,2009.0,1114228.0,Louisiana,51843.0,21.49235190864726
LA,under18,2013.0,1112957.0,Louisiana,51843.0,21.467835580502673
LA,total,2007.0,4375581.0,Louisiana,51843.0,84.40061339042879
LA,under18,2007.0,1096642.0,Louisiana,51843.0,21.153135428119516
LA,total,2008.0,4435586.0,Louisiana,51843.0,85.55805026715275
LA,under18,2008.0,1108728.0,Louisiana,51843.0,21.386262369075865
LA,total,2005.0,4576628.0,Louisiana,51843.0,88.27861041992169
LA,under18,2005.0,1177954.0,Louisiana,51843.0,22.72156318114307
LA,total,2006.0,4302665.0,Louisiana,51843.0,82.99413614181277
LA,under18,2006.0,1078779.0,Louisiana,51843.0,20.808575892598807
LA,total,2003.0,4521042.0,Louisiana,51843.0,87.20641166599155
LA,under18,2003.0,1188070.0,Louisiana,51843.0,22.91669077792566
LA,total,2004.0,4552238.0,Louisiana,51843.0,87.80815153444053
LA,under18,2004.0,1182731.0,Louisiana,51843.0,22.813706768512624
LA,total,2001.0,4477875.0,Louisiana,51843.0,86.37376309241364
LA,under18,2001.0,1204187.0,Louisiana,51843.0,23.227571706884248
LA,total,2002.0,4497267.0,Louisiana,51843.0,86.74781551993519
LA,under18,2002.0,1194819.0,Louisiana,51843.0,23.046872287483364
LA,total,2000.0,4471885.0,Louisiana,51843.0,86.25822193931678
LA,under18,2000.0,1217670.0,Louisiana,51843.0,23.487645390891732
LA,total,1999.0,4460811.0,Louisiana,51843.0,86.04461547364157
LA,under18,1999.0,1227167.0,Louisiana,51843.0,23.670833092220743
LA,total,1997.0,4421072.0,Louisiana,51843.0,85.27808961672743
LA,under18,1997.0,1239665.0,Louisiana,51843.0,23.91190710414135
LA,under18,1998.0,1232984.0,Louisiana,51843.0,23.783037247072894
LA,total,1998.0,4440344.0,Louisiana,51843.0,85.64982736338561
LA,under18,1996.0,1244627.0,Louisiana,51843.0,24.007619157841948
LA,total,1996.0,4398877.0,Louisiana,51843.0,84.84997010203885
LA,total,1995.0,4378779.0,Louisiana,51843.0,84.46229963543776
LA,under18,1995.0,1250112.0,Louisiana,51843.0,24.11341936230542
LA,under18,1992.0,1237034.0,Louisiana,51843.0,23.861157726211832
LA,total,1992.0,4293003.0,Louisiana,51843.0,82.80776575429663
LA,total,1993.0,4316428.0,Louisiana,51843.0,83.25961074783481
LA,under18,1993.0,1239161.0,Louisiana,51843.0,23.902185444515172
LA,under18,1994.0,1247631.0,Louisiana,51843.0,24.065563335455124
LA,total,1994.0,4347481.0,Louisiana,51843.0,83.85859228825493
LA,total,1991.0,4253279.0,Louisiana,51843.0,82.0415292324904
LA,under18,1991.0,1222330.0,Louisiana,51843.0,23.577532164419498
LA,under18,1990.0,1205984.0,Louisiana,51843.0,23.2622340528133
LA,total,1990.0,4221532.0,Louisiana,51843.0,81.4291611210771
ME,under18,1990.0,308066.0,Maine,35387.0,8.705626359962698
ME,total,1990.0,1231719.0,Maine,35387.0,34.80710430384039
ME,total,1991.0,1237081.0,Maine,35387.0,34.9586288750106
ME,under18,1991.0,309871.0,Maine,35387.0,8.756633792070534
ME,under18,1994.0,311570.0,Maine,35387.0,8.80464577387176
ME,total,1994.0,1242662.0,Maine,35387.0,35.116342159550115
ME,total,1993.0,1242302.0,Maine,35387.0,35.10616893209371
ME,under18,1993.0,310966.0,Maine,35387.0,8.787577358917117
ME,under18,1992.0,310679.0,Maine,35387.0,8.779467035917145
ME,total,1992.0,1238508.0,Maine,35387.0,34.9989544182892
ME,total,1995.0,1243481.0,Maine,35387.0,35.13948625201345
ME,under18,1995.0,309173.0,Maine,35387.0,8.73690903439116
ME,under18,1996.0,307740.0,Maine,35387.0,8.696413937321616
ME,total,1996.0,1249060.0,Maine,35387.0,35.297143018622656
ME,under18,1998.0,304496.0,Maine,35387.0,8.604741854353293
ME,total,1998.0,1259127.0,Maine,35387.0,35.58162602085512
ME,total,1997.0,1254774.0,Maine,35387.0,35.45861474552802
ME,under18,1997.0,305097.0,Maine,35387.0,8.621725492412468
ME,total,1999.0,1266808.0,Maine,35387.0,35.7986831322237
ME,under18,1999.0,302321.0,Maine,35387.0,8.54327860513748
ME,total,2000.0,1277072.0,Maine,35387.0,36.08873315059203
ME,under18,2000.0,301407.0,Maine,35387.0,8.51744991098426
ME,total,2002.0,1295960.0,Maine,35387.0,36.622488484471695
ME,under18,2002.0,298595.0,Maine,35387.0,8.437985700963631
ME,total,2001.0,1285692.0,Maine,35387.0,36.33232543024275
ME,under18,2001.0,300088.0,Maine,35387.0,8.480176335942577
ME,total,2004.0,1313688.0,Maine,35387.0,37.1234634187696
ME,under18,2004.0,294791.0,Maine,35387.0,8.330488597507559
ME,total,2003.0,1306513.0,Maine,35387.0,36.92070534377031
ME,under18,2003.0,296786.0,Maine,35387.0,8.386865232995168
ME,total,2006.0,1323619.0,Maine,35387.0,37.40410320174075
ME,under18,2006.0,288945.0,Maine,35387.0,8.165286687201515
ME,total,2005.0,1318787.0,Maine,35387.0,37.2675558821036
ME,under18,2005.0,292039.0,Maine,35387.0,8.252719925396333
ME,total,2008.0,1330509.0,Maine,35387.0,37.59880747167039
ME,under18,2008.0,282204.0,Maine,35387.0,7.974793003080227
ME,total,2007.0,1327040.0,Maine,35387.0,37.50077712154181
ME,under18,2007.0,286185.0,Maine,35387.0,8.087291943369033
ME,under18,2013.0,261276.0,Maine,35387.0,7.383389380280894
ME,total,2009.0,1329590.0,Maine,35387.0,37.572837482691384
ME,under18,2009.0,277946.0,Maine,35387.0,7.8544663294430155
ME,total,2013.0,1328302.0,Maine,35387.0,37.53643993556956
ME,total,2010.0,1327366.0,Maine,35387.0,37.50998954418289
ME,under18,2010.0,273061.0,Maine,35387.0,7.716421284652556
ME,total,2011.0,1327844.0,Maine,35387.0,37.52349732952779
ME,under18,2011.0,268737.0,Maine,35387.0,7.594229519315003
ME,under18,2012.0,264846.0,Maine,35387.0,7.484273885890299
ME,total,2012.0,1328501.0,Maine,35387.0,37.54206346963574
MD,total,2012.0,5884868.0,Maryland,12407.0,474.31836866285164
MD,under18,2012.0,1346235.0,Maryland,12407.0,108.50608527444184
MD,under18,2011.0,1348766.0,Maryland,12407.0,108.71008301765133
MD,total,2011.0,5840241.0,Maryland,12407.0,470.7214475699202
MD,under18,2010.0,1351983.0,Maryland,12407.0,108.96937212863706
MD,total,2010.0,5787193.0,Maryland,12407.0,466.44579672765377
MD,total,2013.0,5928814.0,Maryland,12407.0,477.86040138631415
MD,total,2009.0,5730388.0,Maryland,12407.0,461.8673329572016
MD,under18,2009.0,1353631.0,Maryland,12407.0,109.10220037075844
MD,under18,2013.0,1344522.0,Maryland,12407.0,108.36801805432417
MD,total,2007.0,5653408.0,Maryland,12407.0,455.6627710163617
MD,under18,2007.0,1369563.0,Maryland,12407.0,110.38631417748046
MD,total,2008.0,5684965.0,Maryland,12407.0,458.20625453373094
MD,under18,2008.0,1359214.0,Maryland,12407.0,109.55218828080922
MD,total,2005.0,5592379.0,Maryland,12407.0,450.74385427581205
MD,under18,2005.0,1382966.0,Maryland,12407.0,111.46659144031595
MD,total,2006.0,5627367.0,Maryland,12407.0,453.563875231724
MD,under18,2006.0,1377756.0,Maryland,12407.0,111.04666720399774
MD,total,2003.0,5496269.0,Maryland,12407.0,442.9974208108326
MD,under18,2003.0,1379641.0,Maryland,12407.0,111.19859756589022
MD,total,2004.0,5546935.0,Maryland,12407.0,447.08108325945034
MD,under18,2004.0,1383450.0,Maryland,12407.0,111.50560167647296
MD,total,2001.0,5374691.0,Maryland,12407.0,433.1982751672443
MD,under18,2001.0,1366552.0,Maryland,12407.0,110.1436285967599
MD,total,2002.0,5440389.0,Maryland,12407.0,438.49351172725073
MD,under18,2002.0,1375354.0,Maryland,12407.0,110.85306681711937
MD,total,2000.0,5311034.0,Maryland,12407.0,428.06754251632145
MD,under18,2000.0,1356961.0,Maryland,12407.0,109.37059724349157
MD,total,1999.0,5254509.0,Maryland,12407.0,423.51164665108405
MD,under18,1999.0,1348659.0,Maryland,12407.0,108.70145885387281
MD,total,1997.0,5157328.0,Maryland,12407.0,415.678890948658
MD,under18,1997.0,1321306.0,Maryland,12407.0,106.49681631337148
MD,under18,1998.0,1338727.0,Maryland,12407.0,107.90094301603934
MD,total,1998.0,5204464.0,Maryland,12407.0,419.4780365922463
MD,under18,1996.0,1303816.0,Maryland,12407.0,105.08712823406141
MD,total,1996.0,5111986.0,Maryland,12407.0,412.0243410977674
MD,total,1995.0,5070033.0,Maryland,12407.0,408.6429434996373
MD,under18,1995.0,1300695.0,Maryland,12407.0,104.8355766905779
MD,under18,1992.0,1235498.0,Maryland,12407.0,99.58072056097365
MD,total,1992.0,4923369.0,Maryland,12407.0,396.82187474812605
MD,total,1993.0,4971889.0,Maryland,12407.0,400.73257032320464
MD,under18,1993.0,1261738.0,Maryland,12407.0,101.69565567824615
MD,under18,1994.0,1280772.0,Maryland,12407.0,103.22978963488353
MD,total,1994.0,5023060.0,Maryland,12407.0,404.8569356008705
MD,total,1991.0,4867641.0,Maryland,12407.0,392.3302168130894
MD,under18,1991.0,1208898.0,Maryland,12407.0,97.43676956556783
MD,under18,1990.0,1180426.0,Maryland,12407.0,95.14193600386878
MD,total,1990.0,4799770.0,Maryland,12407.0,386.8598371886838
MA,under18,1990.0,1353806.0,Massachusetts,10555.0,128.26205589767883
MA,total,1990.0,6022639.0,Massachusetts,10555.0,570.5958313595453
MA,total,1991.0,6018470.0,Massachusetts,10555.0,570.2008526764566
MA,under18,1991.0,1375110.0,Massachusetts,10555.0,130.28043581241118
MA,under18,1994.0,1437069.0,Massachusetts,10555.0,136.15054476551398
MA,total,1994.0,6095241.0,Massachusetts,10555.0,577.4742775935575
MA,total,1993.0,6060569.0,Massachusetts,10555.0,574.1893889152061
MA,under18,1993.0,1415724.0,Massachusetts,10555.0,134.1282804358124
MA,under18,1992.0,1390188.0,Massachusetts,10555.0,131.70895310279488
MA,total,1992.0,6028709.0,Massachusetts,10555.0,571.1709142586452
MA,total,1995.0,6141445.0,Massachusetts,10555.0,581.8517290383704
MA,under18,1995.0,1453489.0,Massachusetts,10555.0,137.70620558976788
MA,under18,1996.0,1468614.0,Massachusetts,10555.0,139.1391757460919
MA,total,1996.0,6179756.0,Massachusetts,10555.0,585.4813832306963
MA,under18,1998.0,1491652.0,Massachusetts,10555.0,141.32183799147325
MA,total,1998.0,6271838.0,Massachusetts,10555.0,594.2054002842254
MA,total,1997.0,6226058.0,Massachusetts,10555.0,589.868119374704
MA,under18,1997.0,1478203.0,Massachusetts,10555.0,140.0476551397442
MA,total,1999.0,6317345.0,Massachusetts,10555.0,598.5168166745618
MA,under18,1999.0,1495818.0,Massachusetts,10555.0,141.71653244907625
MA,total,2000.0,6361104.0,Massachusetts,10555.0,602.66262434865
MA,under18,2000.0,1501334.0,Massachusetts,10555.0,142.23912837517764
MA,total,2001.0,6397634.0,Massachusetts,10555.0,606.1235433443866
MA,under18,2001.0,1505028.0,Massachusetts,10555.0,142.5891046897205
MA,total,2002.0,6417206.0,Massachusetts,10555.0,607.977830412127
MA,under18,2002.0,1502652.0,Massachusetts,10555.0,142.36399810516343
MA,total,2004.0,6412281.0,Massachusetts,10555.0,607.5112269066793
MA,under18,2004.0,1479541.0,Massachusetts,10555.0,140.17441970630034
MA,total,2003.0,6422565.0,Massachusetts,10555.0,608.4855518711511
MA,under18,2003.0,1493372.0,Massachusetts,10555.0,141.48479393652298
MA,total,2006.0,6410084.0,Massachusetts,10555.0,607.3030791094268
MA,under18,2006.0,1450202.0,Massachusetts,10555.0,137.39478919943156
MA,total,2005.0,6403290.0,Massachusetts,10555.0,606.6594031264804
MA,under18,2005.0,1464140.0,Massachusetts,10555.0,138.71530080530553
MA,total,2008.0,6468967.0,Massachusetts,10555.0,612.8817621980104
MA,under18,2008.0,1429727.0,Massachusetts,10555.0,135.45495026054002
MA,total,2007.0,6431559.0,Massachusetts,10555.0,609.3376598768356
MA,under18,2007.0,1439757.0,Massachusetts,10555.0,136.40521080056845
MA,under18,2013.0,1393946.0,Massachusetts,10555.0,132.06499289436286
MA,total,2009.0,6517613.0,Massachusetts,10555.0,617.4905731880625
MA,under18,2009.0,1422935.0,Massachusetts,10555.0,134.8114637612506
MA,total,2013.0,6692824.0,Massachusetts,10555.0,634.0903837044054
MA,total,2010.0,6563263.0,Massachusetts,10555.0,621.8155376598768
MA,under18,2010.0,1415962.0,Massachusetts,10555.0,134.1508289909995
MA,total,2011.0,6606285.0,Massachusetts,10555.0,625.8915206063477
MA,under18,2011.0,1407240.0,Massachusetts,10555.0,133.32449076267173
MA,under18,2012.0,1399417.0,Massachusetts,10555.0,132.58332543818096
MA,total,2012.0,6645303.0,Massachusetts,10555.0,629.5881572714353
MI,total,2012.0,9882519.0,Michigan,96810.0,102.08159281066006
MI,under18,2012.0,2269365.0,Michigan,96810.0,23.441431670281997
MI,under18,2011.0,2299116.0,Michigan,96810.0,23.748744964363187
MI,total,2011.0,9874589.0,Michigan,96810.0,101.99967978514616
MI,under18,2010.0,2333121.0,Michigan,96810.0,24.1
MI,total,2010.0,9876149.0,Michigan,96810.0,102.01579382295218
MI,total,2013.0,9895622.0,Michigan,96810.0,102.21694039871915
MI,total,2009.0,9901591.0,Michigan,96810.0,102.27859725234997
MI,under18,2009.0,2372603.0,Michigan,96810.0,24.507829769651895
MI,under18,2013.0,2245201.0,Michigan,96810.0,23.191829356471438
MI,total,2007.0,10001284.0,Michigan,96810.0,103.30837723375684
MI,under18,2007.0,2470063.0,Michigan,96810.0,25.514543952071065
MI,total,2008.0,9946889.0,Michigan,96810.0,102.74650346038632
MI,under18,2008.0,2418879.0,Michigan,96810.0,24.985838239851255
MI,total,2005.0,10051137.0,Michigan,96810.0,103.82333436628447
MI,under18,2005.0,2531839.0,Michigan,96810.0,26.152659849189135
MI,total,2006.0,10036081.0,Michigan,96810.0,103.66781324243364
MI,under18,2006.0,2503548.0,Michigan,96810.0,25.860427641772546
MI,total,2003.0,10041152.0,Michigan,96810.0,103.72019419481458
MI,under18,2003.0,2569080.0,Michigan,96810.0,26.53734118376201
MI,total,2004.0,10055315.0,Michigan,96810.0,103.86649106497262
MI,under18,2004.0,2553314.0,Michigan,96810.0,26.374486106807147
MI,total,2002.0,10015710.0,Michigan,96810.0,103.45739076541679
MI,under18,2002.0,2584310.0,Michigan,96810.0,26.694659642598904
MI,total,2001.0,9991120.0,Michigan,96810.0,103.20338807974383
MI,under18,2001.0,2593310.0,Michigan,96810.0,26.787625245325895
MI,total,2000.0,9952450.0,Michigan,96810.0,102.80394587336019
MI,under18,2000.0,2596114.0,Michigan,96810.0,26.816589195331062
MI,total,1999.0,9897116.0,Michigan,96810.0,102.23237268877182
MI,under18,1999.0,2591944.0,Michigan,96810.0,26.77351513273422
MI,total,1997.0,9809051.0,Michigan,96810.0,101.32270426608821
MI,under18,1997.0,2582270.0,Michigan,96810.0,26.67358743931412
MI,under18,1998.0,2586343.0,Michigan,96810.0,26.71565953930379
MI,total,1998.0,9847942.0,Michigan,96810.0,101.72442929449437
MI,under18,1996.0,2569745.0,Michigan,96810.0,26.544210308852392
MI,total,1996.0,9758645.0,Michigan,96810.0,100.80203491374859
MI,total,1995.0,9676211.0,Michigan,96810.0,99.95053196983783
MI,under18,1995.0,2556799.0,Michigan,96810.0,26.41048445408532
MI,under18,1992.0,2501765.0,Michigan,96810.0,25.842010122921184
MI,total,1992.0,9479065.0,Michigan,96810.0,97.91411011259167
MI,total,1993.0,9540114.0,Michigan,96810.0,98.54471645491168
MI,under18,1993.0,2522249.0,Michigan,96810.0,26.053599834727816
MI,under18,1994.0,2535196.0,Michigan,96810.0,26.187336019006302
MI,total,1994.0,9597737.0,Michigan,96810.0,99.13993389112694
MI,total,1991.0,9400446.0,Michigan,96810.0,97.10201425472574
MI,under18,1991.0,2484957.0,Michigan,96810.0,25.668391695072824
MI,under18,1990.0,2459633.0,Michigan,96810.0,25.406807148021898
MI,total,1990.0,9311319.0,Michigan,96810.0,96.18137589092036
MN,under18,1990.0,1176680.0,Minnesota,86943.0,13.533924525263679
MN,total,1990.0,4389857.0,Minnesota,86943.0,50.491206882670255
MN,total,1991.0,4440859.0,Minnesota,86943.0,51.077821101181236
MN,under18,1991.0,1191207.0,Minnesota,86943.0,13.701011007211621
MN,under18,1994.0,1238949.0,Minnesota,86943.0,14.250129395120942
MN,total,1994.0,4610355.0,Minnesota,86943.0,53.027328249542805
MN,total,1993.0,4555956.0,Minnesota,86943.0,52.40164245540181
MN,under18,1993.0,1226723.0,Minnesota,86943.0,14.109508528576194
MN,under18,1992.0,1213068.0,Minnesota,86943.0,13.952451606224768
MN,total,1992.0,4495572.0,Minnesota,86943.0,51.70711845692005
MN,total,1995.0,4660180.0,Minnesota,86943.0,53.60040486295619
MN,under18,1995.0,1245932.0,Minnesota,86943.0,14.330446384412776
MN,under18,1996.0,1252722.0,Minnesota,86943.0,14.408543528518685
MN,total,1996.0,4712827.0,Minnesota,86943.0,54.205939523595916
MN,under18,1998.0,1275940.0,Minnesota,86943.0,14.675592054564484
MN,total,1998.0,4813412.0,Minnesota,86943.0,55.36284692269648
MN,total,1997.0,4763390.0,Minnesota,86943.0,54.787504456943054
MN,under18,1997.0,1264250.0,Minnesota,86943.0,14.541136146670807
MN,total,1999.0,4873481.0,Minnesota,86943.0,56.05374785779188
MN,under18,1999.0,1283102.0,Minnesota,86943.0,14.757967864002852
MN,total,2000.0,4933692.0,Minnesota,86943.0,56.74628204685828
MN,under18,2000.0,1289715.0,Minnesota,86943.0,14.834029191539285
MN,total,2001.0,4982796.0,Minnesota,86943.0,57.3110658707429
MN,under18,2001.0,1291261.0,Minnesota,86943.0,14.851810956603751
MN,total,2002.0,5018935.0,Minnesota,86943.0,57.726729006360486
MN,under18,2002.0,1288795.0,Minnesota,86943.0,14.823447546093417
MN,total,2004.0,5087713.0,Minnesota,86943.0,58.51779901774726
MN,under18,2004.0,1281946.0,Minnesota,86943.0,14.74467179646435
MN,total,2003.0,5053572.0,Minnesota,86943.0,58.12511645560885
MN,under18,2003.0,1283687.0,Minnesota,86943.0,14.764696410291801
MN,total,2006.0,5163555.0,Minnesota,86943.0,59.39011766329664
MN,under18,2006.0,1282381.0,Minnesota,86943.0,14.74967507447408
MN,total,2005.0,5119598.0,Minnesota,86943.0,58.884533544966246
MN,under18,2005.0,1280557.0,Minnesota,86943.0,14.728695812198797
MN,total,2008.0,5247018.0,Minnesota,86943.0,60.3500914392188
MN,under18,2008.0,1284179.0,Minnesota,86943.0,14.770355290247634
MN,total,2007.0,5207203.0,Minnesota,86943.0,59.89214772897186
MN,under18,2007.0,1285074.0,Minnesota,86943.0,14.780649390980297
MN,under18,2013.0,1279111.0,Minnesota,86943.0,14.712064225987142
MN,total,2009.0,5281203.0,Minnesota,86943.0,60.74328008005245
MN,under18,2009.0,1284103.0,Minnesota,86943.0,14.769481154319497
MN,total,2013.0,5420380.0,Minnesota,86943.0,62.344064502030065
MN,total,2010.0,5310337.0,Minnesota,86943.0,61.078373187030586
MN,under18,2010.0,1282693.0,Minnesota,86943.0,14.753263632494853
MN,total,2011.0,5347108.0,Minnesota,86943.0,61.50130545299794
MN,under18,2011.0,1280424.0,Minnesota,86943.0,14.727166074324558
MN,under18,2012.0,1278050.0,Minnesota,86943.0,14.69986082835881
MN,total,2012.0,5379646.0,Minnesota,86943.0,61.87555064812578
MS,total,2012.0,2986450.0,Mississippi,48434.0,61.66019738200438
MS,under18,2012.0,742941.0,Mississippi,48434.0,15.33924515835983
MS,under18,2011.0,747742.0,Mississippi,48434.0,15.438369740265102
MS,total,2011.0,2977886.0,Mississippi,48434.0,61.483379444192096
MS,under18,2010.0,754111.0,Mississippi,48434.0,15.569868274352727
MS,total,2010.0,2970047.0,Mississippi,48434.0,61.321530329933516
MS,total,2013.0,2991207.0,Mississippi,48434.0,61.75841351116984
MS,total,2009.0,2958774.0,Mississippi,48434.0,61.088780608663335
MS,under18,2009.0,758539.0,Mississippi,48434.0,15.661291654622786
MS,under18,2013.0,737432.0,Mississippi,48434.0,15.225502746004873
MS,total,2007.0,2928350.0,Mississippi,48434.0,60.46062683239047
MS,under18,2007.0,761171.0,Mississippi,48434.0,15.715633645786019
MS,total,2008.0,2947806.0,Mississippi,48434.0,60.8623281166123
MS,under18,2008.0,760572.0,Mississippi,48434.0,15.703266300532684
MS,total,2005.0,2905943.0,Mississippi,48434.0,59.99799727464178
MS,under18,2005.0,760870.0,Mississippi,48434.0,15.709419003179585
MS,total,2006.0,2904978.0,Mississippi,48434.0,59.97807325432547
MS,under18,2006.0,756990.0,Mississippi,48434.0,15.629309988850807
MS,total,2003.0,2868312.0,Mississippi,48434.0,59.221043068918526
MS,under18,2003.0,759447.0,Mississippi,48434.0,15.680038815707974
MS,total,2004.0,2889010.0,Mississippi,48434.0,59.64838749638684
MS,under18,2004.0,760410.0,Mississippi,48434.0,15.699921542717926
MS,total,2002.0,2858681.0,Mississippi,48434.0,59.022195152165835
MS,under18,2002.0,763148.0,Mississippi,48434.0,15.756452079117976
MS,total,2001.0,2852994.0,Mississippi,48434.0,58.90477763554528
MS,under18,2001.0,768418.0,Mississippi,48434.0,15.865259941363504
MS,total,2000.0,2848353.0,Mississippi,48434.0,58.808956518148406
MS,under18,2000.0,774353.0,Mississippi,48434.0,15.987797827972086
MS,total,1999.0,2828408.0,Mississippi,48434.0,58.39715902052277
MS,under18,1999.0,775662.0,Mississippi,48434.0,16.01482429698146
MS,total,1997.0,2777004.0,Mississippi,48434.0,57.33583846058554
MS,under18,1997.0,774832.0,Mississippi,48434.0,15.997687574844118
MS,under18,1998.0,773721.0,Mississippi,48434.0,15.974749143163892
MS,total,1998.0,2804834.0,Mississippi,48434.0,57.91043481851592
MS,under18,1996.0,769680.0,Mississippi,48434.0,15.891316017673535
MS,total,1996.0,2748085.0,Mississippi,48434.0,56.73875789734484
MS,total,1995.0,2722659.0,Mississippi,48434.0,56.213796093653215
MS,under18,1995.0,767892.0,Mississippi,48434.0,15.85439980179213
MS,under18,1992.0,750224.0,Mississippi,48434.0,15.489614733451708
MS,total,1992.0,2623734.0,Mississippi,48434.0,54.17132592806706
MS,total,1993.0,2655100.0,Mississippi,48434.0,54.81892885163315
MS,under18,1993.0,755820.0,Mississippi,48434.0,15.605153404633109
MS,under18,1994.0,763795.0,Mississippi,48434.0,15.76981046372383
MS,total,1994.0,2688992.0,Mississippi,48434.0,55.51868522112566
MS,total,1991.0,2598733.0,Mississippi,48434.0,53.655138951975886
MS,under18,1991.0,738911.0,Mississippi,48434.0,15.256039146054425
MS,under18,1990.0,733660.0,Mississippi,48434.0,15.147623570219267
MS,total,1990.0,2578897.0,Mississippi,48434.0,53.2455919395466
MO,under18,1990.0,1316423.0,Missouri,69709.0,18.88454862356367
MO,total,1990.0,5128880.0,Missouri,69709.0,73.57557847623693
MO,total,1991.0,5170800.0,Missouri,69709.0,74.17693554634265
MO,under18,1991.0,1332306.0,Missouri,69709.0,19.112395816895955
MO,under18,1994.0,1378700.0,Missouri,69709.0,19.77793398269951
MO,total,1994.0,5324497.0,Missouri,69709.0,76.38177279834741
MO,total,1993.0,5271175.0,Missouri,69709.0,75.61685004805692
MO,under18,1993.0,1365903.0,Missouri,69709.0,19.594356539327777
MO,under18,1992.0,1349729.0,Missouri,69709.0,19.362334849158646
MO,total,1992.0,5217101.0,Missouri,69709.0,74.8411395946004
MO,under18,1996.0,1408732.0,Missouri,69709.0,20.208753532542428
MO,total,1996.0,5431553.0,Missouri,69709.0,77.91752858310979
MO,total,1995.0,5378247.0,Missouri,69709.0,77.15283535841857
MO,under18,1995.0,1393554.0,Missouri,69709.0,19.991019810928286
MO,under18,1998.0,1428999.0,Missouri,69709.0,20.499490740076602
MO,total,1998.0,5521765.0,Missouri,69709.0,79.2116512932333
MO,total,1997.0,5481193.0,Missouri,69709.0,78.62963175486667
MO,under18,1997.0,1419837.0,Missouri,69709.0,20.368058643790615
MO,total,1999.0,5561948.0,Missouri,69709.0,79.78809049046751
MO,under18,1999.0,1428047.0,Missouri,69709.0,20.485833966919625
MO,total,2000.0,5607285.0,Missouri,69709.0,80.43846562136883
MO,under18,2000.0,1428383.0,Missouri,69709.0,20.49065400450444
MO,total,2001.0,5641142.0,Missouri,69709.0,80.9241561347889
MO,under18,2001.0,1426575.0,Missouri,69709.0,20.46471761178614
MO,total,2002.0,5674825.0,Missouri,69709.0,81.40735055731685
MO,under18,2002.0,1424513.0,Missouri,69709.0,20.435137500179316
MO,total,2004.0,5747741.0,Missouri,69709.0,82.45335609462192
MO,under18,2004.0,1420956.0,Missouri,69709.0,20.38411109039005
MO,total,2003.0,5709403.0,Missouri,69709.0,81.90338406805434
MO,under18,2003.0,1421927.0,Missouri,69709.0,20.39804042519617
MO,total,2006.0,5842704.0,Missouri,69709.0,83.81563356238075
MO,under18,2006.0,1428324.0,Missouri,69709.0,20.489807628857108
MO,total,2005.0,5790300.0,Missouri,69709.0,83.06387984334877
MO,under18,2005.0,1422978.0,Missouri,69709.0,20.413117387998682
MO,total,2008.0,5923916.0,Missouri,69709.0,84.98064812291096
MO,under18,2008.0,1428945.0,Missouri,69709.0,20.498716091179045
MO,total,2007.0,5887612.0,Missouri,69709.0,84.45985453815146
MO,under18,2007.0,1431346.0,Missouri,69709.0,20.533159276420548
MO,under18,2013.0,1397685.0,Missouri,69709.0,20.050280451591618
MO,total,2009.0,5961088.0,Missouri,69709.0,85.51389347143123
MO,under18,2009.0,1426603.0,Missouri,69709.0,20.465119281584876
MO,total,2013.0,6044171.0,Missouri,69709.0,86.70574818172689
MO,total,2010.0,5996063.0,Missouri,69709.0,86.01562208610079
MO,under18,2010.0,1424042.0,Missouri,69709.0,20.4283808403506
MO,total,2011.0,6010065.0,Missouri,69709.0,86.21648567616808
MO,under18,2011.0,1414444.0,Missouri,69709.0,20.290694171484315
MO,under18,2012.0,1405015.0,Missouri,69709.0,20.155431866760388
MO,total,2012.0,6024522.0,Missouri,69709.0,86.42387640046479
MT,total,2012.0,1005494.0,Montana,147046.0,6.8379554697169596
MT,under18,2012.0,222905.0,Montana,147046.0,1.515886185275356
MT,under18,2011.0,222977.0,Montana,147046.0,1.5163758279721993
MT,total,2011.0,997600.0,Montana,147046.0,6.7842715884825155
MT,under18,2010.0,223292.0,Montana,147046.0,1.518518014770888
MT,total,2010.0,990527.0,Montana,147046.0,6.736170994110687
MT,total,2013.0,1015165.0,Montana,147046.0,6.9037240047332125
MT,total,2009.0,983982.0,Montana,147046.0,6.69166111284904
MT,under18,2009.0,223675.0,Montana,147046.0,1.5211226418943733
MT,under18,2013.0,223981.0,Montana,147046.0,1.5232036233559567
MT,total,2007.0,964706.0,Montana,147046.0,6.560572881955307
MT,under18,2007.0,223135.0,Montana,147046.0,1.5174503216680495
MT,total,2008.0,976415.0,Montana,147046.0,6.640201025529426
MT,under18,2008.0,223814.0,Montana,147046.0,1.5220679243230009
MT,total,2005.0,940102.0,Montana,147046.0,6.393251091495179
MT,under18,2005.0,221685.0,Montana,147046.0,1.507589461801069
MT,total,2006.0,952692.0,Montana,147046.0,6.478870557512615
MT,under18,2006.0,221930.0,Montana,147046.0,1.5092556070889382
MT,total,2003.0,919630.0,Montana,147046.0,6.2540293513594385
MT,under18,2003.0,223012.0,Montana,147046.0,1.516613848727609
MT,total,2004.0,930009.0,Montana,147046.0,6.324612706227983
MT,under18,2004.0,221999.0,Montana,147046.0,1.5097248480067462
MT,total,2002.0,911667.0,Montana,147046.0,6.199876229207187
MT,under18,2002.0,224772.0,Montana,147046.0,1.5285828924282197
MT,total,2001.0,906961.0,Montana,147046.0,6.167872638494076
MT,under18,2001.0,227118.0,Montana,147046.0,1.544537083633693
MT,total,1999.0,897508.0,Montana,147046.0,6.103586632754376
MT,under18,1999.0,231133.0,Montana,147046.0,1.571841464575711
MT,total,2000.0,903773.0,Montana,147046.0,6.146192347972743
MT,under18,2000.0,230067.0,Montana,147046.0,1.5645920324252274
MT,total,1997.0,889865.0,Montana,147046.0,6.051609700365872
MT,under18,1997.0,232813.0,Montana,147046.0,1.5832664608353848
MT,under18,1998.0,231746.0,Montana,147046.0,1.5760102280918895
MT,total,1998.0,892431.0,Montana,147046.0,6.069060022033922
MT,total,1995.0,876553.0,Montana,147046.0,5.96108020619398
MT,under18,1995.0,236583.0,Montana,147046.0,1.608904696489534
MT,under18,1996.0,235294.0,Montana,147046.0,1.600138732097439
MT,total,1996.0,886254.0,Montana,147046.0,6.0270527590005845
MT,under18,1992.0,230868.0,Montana,147046.0,1.5700393074276078
MT,total,1992.0,825770.0,Montana,147046.0,5.6157256912802795
MT,total,1993.0,844761.0,Montana,147046.0,5.744875753165676
MT,under18,1993.0,234987.0,Montana,147046.0,1.5980509500428437
MT,under18,1994.0,237289.0,Montana,147046.0,1.6137059151558015
MT,total,1994.0,861306.0,Montana,147046.0,5.857391564544428
MT,total,1991.0,809680.0,Montana,147046.0,5.5063041497218554
MT,under18,1991.0,225259.0,Montana,147046.0,1.5318947812249228
MT,under18,1990.0,223677.0,Montana,147046.0,1.5211362430803965
MT,total,1990.0,800204.0,Montana,147046.0,5.441861730342886
NE,under18,1990.0,430068.0,Nebraska,77358.0,5.559450864810362
NE,total,1990.0,1581660.0,Nebraska,77358.0,20.445978437912046
NE,total,1991.0,1595919.0,Nebraska,77358.0,20.63030326533778
NE,under18,1991.0,434525.0,Nebraska,77358.0,5.617066108224101
NE,under18,1994.0,442589.0,Nebraska,77358.0,5.721308720494325
NE,total,1994.0,1639041.0,Nebraska,77358.0,21.187737531994106
NE,total,1993.0,1625590.0,Nebraska,77358.0,21.01385764885338
NE,under18,1993.0,439313.0,Nebraska,77358.0,5.678960159259547
NE,under18,1992.0,436378.0,Nebraska,77358.0,5.641019674758913
NE,total,1992.0,1611687.0,Nebraska,77358.0,20.83413480183045
NE,under18,1996.0,446841.0,Nebraska,77358.0,5.776273947103079
NE,total,1996.0,1673740.0,Nebraska,77358.0,21.636288425243674
NE,total,1995.0,1656993.0,Nebraska,77358.0,21.419801442643294
NE,under18,1995.0,444418.0,Nebraska,77358.0,5.744952041159285
NE,under18,1998.0,451192.0,Nebraska,77358.0,5.832518937924972
NE,total,1998.0,1695817.0,Nebraska,77358.0,21.92167584477365
NE,total,1997.0,1686418.0,Nebraska,77358.0,21.800175805992914
NE,under18,1997.0,450076.0,Nebraska,77358.0,5.818092504976861
NE,total,1999.0,1704764.0,Nebraska,77358.0,22.037332919672174
NE,under18,1999.0,451047.0,Nebraska,77358.0,5.830644535794617
NE,total,2000.0,1713820.0,Nebraska,77358.0,22.154399027896275
NE,under18,2000.0,450380.0,Nebraska,77358.0,5.822022285994985
NE,total,2001.0,1719836.0,Nebraska,77358.0,22.23216732593914
NE,under18,2001.0,448307.0,Nebraska,77358.0,5.79522479898653
NE,total,2002.0,1728292.0,Nebraska,77358.0,22.341477287416943
NE,under18,2002.0,447714.0,Nebraska,77358.0,5.78755914061894
NE,total,2004.0,1749370.0,Nebraska,77358.0,22.613950722614337
NE,under18,2004.0,448360.0,Nebraska,77358.0,5.795909925282453
NE,total,2003.0,1738643.0,Nebraska,77358.0,22.4752837457018
NE,under18,2003.0,447444.0,Nebraska,77358.0,5.784068874583107
NE,total,2006.0,1772693.0,Nebraska,77358.0,22.915445073554125
NE,under18,2006.0,450098.0,Nebraska,77358.0,5.818376897024225
NE,total,2005.0,1761497.0,Nebraska,77358.0,22.77071537526823
NE,under18,2005.0,448918.0,Nebraska,77358.0,5.803123141756509
NE,total,2008.0,1796378.0,Nebraska,77358.0,23.221618966364176
NE,under18,2008.0,453787.0,Nebraska,77358.0,5.866064272602705
NE,total,2007.0,1783440.0,Nebraska,77358.0,23.054370588691537
NE,under18,2007.0,451946.0,Nebraska,77358.0,5.842265829002818
NE,under18,2013.0,464348.0,Nebraska,77358.0,6.002585382248766
NE,total,2009.0,1812683.0,Nebraska,77358.0,23.432392254194784
NE,under18,2009.0,456543.0,Nebraska,77358.0,5.901690839990692
NE,total,2013.0,1868516.0,Nebraska,77358.0,24.1541404896714
NE,total,2010.0,1829838.0,Nebraska,77358.0,23.65415341658264
NE,under18,2010.0,459621.0,Nebraska,77358.0,5.941479872799193
NE,total,2011.0,1841749.0,Nebraska,77358.0,23.80812585640787
NE,under18,2011.0,460872.0,Nebraska,77358.0,5.957651438765222
NE,under18,2012.0,462673.0,Nebraska,77358.0,5.980932805915354
NE,total,2012.0,1855350.0,Nebraska,77358.0,23.983944776235166
NV,total,2012.0,2754354.0,Nevada,110567.0,24.911176029014083
NV,under18,2012.0,659655.0,Nevada,110567.0,5.96611104579124
NV,under18,2011.0,659236.0,Nevada,110567.0,5.962321488328344
NV,total,2011.0,2717951.0,Nevada,110567.0,24.581936744236526
NV,under18,2010.0,663180.0,Nevada,110567.0,5.9979921676449575
NV,total,2010.0,2703230.0,Nevada,110567.0,24.44879575280147
NV,total,2013.0,2790136.0,Nevada,110567.0,25.23479880977145
NV,total,2009.0,2684665.0,Nevada,110567.0,24.280888511038555
NV,under18,2009.0,666041.0,Nevada,110567.0,6.023867881013322
NV,under18,2013.0,661605.0,Nevada,110567.0,5.983747411072019
NV,total,2007.0,2601072.0,Nevada,110567.0,23.524849186466124
NV,under18,2007.0,654053.0,Nevada,110567.0,5.9154449338410195
NV,total,2008.0,2653630.0,Nevada,110567.0,24.000198974377525
NV,under18,2008.0,662621.0,Nevada,110567.0,5.9929364095978
NV,total,2005.0,2432143.0,Nevada,110567.0,21.99700634004721
NV,under18,2005.0,611595.0,Nevada,110567.0,5.53144247379417
NV,total,2006.0,2522658.0,Nevada,110567.0,22.81565023922147
NV,under18,2006.0,634403.0,Nevada,110567.0,5.737724637550083
NV,total,2003.0,2248850.0,Nevada,110567.0,20.339251313683107
NV,under18,2003.0,568963.0,Nevada,110567.0,5.145866307306882
NV,total,2004.0,2346222.0,Nevada,110567.0,21.219911908616496
NV,under18,2004.0,591314.0,Nevada,110567.0,5.348015230584171
NV,total,2002.0,2173791.0,Nevada,110567.0,19.66039595901128
NV,under18,2002.0,552816.0,Nevada,110567.0,4.999828158492136
NV,total,2001.0,2098399.0,Nevada,110567.0,18.978528855806886
NV,under18,2001.0,534708.0,Nevada,110567.0,4.836054157207847
NV,total,1999.0,1934718.0,Nevada,110567.0,17.49815044271799
NV,under18,1999.0,493701.0,Nevada,110567.0,4.465174961787875
NV,total,2000.0,2018741.0,Nevada,110567.0,18.25807881194208
NV,under18,2000.0,516018.0,Nevada,110567.0,4.667016379208986
NV,total,1997.0,1764104.0,Nevada,110567.0,15.955067967838506
NV,under18,1997.0,443626.0,Nevada,110567.0,4.012282145667333
NV,under18,1998.0,469424.0,Nevada,110567.0,4.245606736187108
NV,total,1998.0,1853192.0,Nevada,110567.0,16.760805665343185
NV,total,1995.0,1581578.0,Nevada,110567.0,14.304249911818173
NV,under18,1995.0,396223.0,Nevada,110567.0,3.583555672126403
NV,under18,1996.0,419133.0,Nevada,110567.0,3.7907603534508487
NV,total,1996.0,1666320.0,Nevada,110567.0,15.070681125471433
NV,under18,1992.0,337396.0,Nevada,110567.0,3.051507230909765
NV,total,1992.0,1351367.0,Nevada,110567.0,12.222154892508614
NV,total,1993.0,1411215.0,Nevada,110567.0,12.763437553700472
NV,under18,1993.0,354990.0,Nevada,110567.0,3.2106324671918385
NV,under18,1994.0,376745.0,Nevada,110567.0,3.4073909936961297
NV,total,1994.0,1499298.0,Nevada,110567.0,13.560085739868134
NV,total,1991.0,1296172.0,Nevada,110567.0,11.722955312163666
NV,under18,1991.0,325033.0,Nevada,110567.0,2.93969267502962
NV,under18,1990.0,316406.0,Nevada,110567.0,2.861667586169472
NV,total,1990.0,1220695.0,Nevada,110567.0,11.040319444318829
NH,under18,1990.0,277454.0,New Hampshire,9351.0,29.67105122446797
NH,total,1990.0,1112384.0,New Hampshire,9351.0,118.9588279328414
NH,total,1991.0,1109929.0,New Hampshire,9351.0,118.69628916693402
NH,under18,1991.0,281127.0,New Hampshire,9351.0,30.063843439204362
NH,under18,1994.0,295563.0,New Hampshire,9351.0,31.60763554700032
NH,total,1994.0,1142561.0,New Hampshire,9351.0,122.18596941503583
NH,total,1993.0,1129458.0,New Hampshire,9351.0,120.78472890599936
NH,under18,1993.0,290409.0,New Hampshire,9351.0,31.05646454924607
NH,under18,1992.0,286314.0,New Hampshire,9351.0,30.618543471286493
NH,total,1992.0,1117785.0,New Hampshire,9351.0,119.53641321783766
NH,under18,1996.0,300161.0,New Hampshire,9351.0,32.099347663351516
NH,total,1996.0,1174719.0,New Hampshire,9351.0,125.62495989733718
NH,total,1995.0,1157561.0,New Hampshire,9351.0,123.79007592770827
NH,under18,1995.0,298246.0,New Hampshire,9351.0,31.89455673190033
NH,under18,1998.0,307292.0,New Hampshire,9351.0,32.86193989947599
NH,total,1998.0,1205941.0,New Hampshire,9351.0,128.9638541332478
NH,total,1997.0,1189425.0,New Hampshire,9351.0,127.19762592236124
NH,under18,1997.0,302834.0,New Hampshire,9351.0,32.38519944390974
NH,total,2000.0,1239882.0,New Hampshire,9351.0,132.5935194096888
NH,under18,2000.0,310352.0,New Hampshire,9351.0,33.18917762806117
NH,total,1999.0,1222015.0,New Hampshire,9351.0,130.68281467222758
NH,under18,1999.0,308423.0,New Hampshire,9351.0,32.982889530531494
NH,total,2001.0,1255517.0,New Hampshire,9351.0,134.26553309806437
NH,under18,2001.0,311877.0,New Hampshire,9351.0,33.352261790182865
NH,total,2002.0,1269089.0,New Hampshire,9351.0,135.7169286707304
NH,under18,2002.0,312743.0,New Hampshire,9351.0,33.44487220618116
NH,total,2004.0,1290121.0,New Hampshire,9351.0,137.9660998823655
NH,under18,2004.0,309243.0,New Hampshire,9351.0,33.07058068655759
NH,total,2003.0,1279840.0,New Hampshire,9351.0,136.86664527857982
NH,under18,2003.0,311412.0,New Hampshire,9351.0,33.30253448829002
NH,total,2005.0,1298492.0,New Hampshire,9351.0,138.86129825687092
NH,under18,2005.0,307403.0,New Hampshire,9351.0,32.87381028766977
NH,total,2006.0,1308389.0,New Hampshire,9351.0,139.9196877339322
NH,under18,2006.0,305169.0,New Hampshire,9351.0,32.63490535771575
NH,total,2008.0,1315906.0,New Hampshire,9351.0,140.72355897764945
NH,under18,2008.0,296029.0,New Hampshire,9351.0,31.657469789327344
NH,total,2007.0,1312540.0,New Hampshire,9351.0,140.36359747620574
NH,under18,2007.0,300918.0,New Hampshire,9351.0,32.18030157202438
NH,under18,2013.0,271122.0,New Hampshire,9351.0,28.993904395251846
NH,total,2009.0,1316102.0,New Hampshire,9351.0,140.74451930274836
NH,under18,2009.0,290850.0,New Hampshire,9351.0,31.10362528071864
NH,total,2013.0,1323459.0,New Hampshire,9351.0,141.53128007699712
NH,total,2010.0,1316614.0,New Hampshire,9351.0,140.7992728050476
NH,under18,2010.0,285702.0,New Hampshire,9351.0,30.55309592556946
NH,total,2011.0,1318075.0,New Hampshire,9351.0,140.95551277938188
NH,under18,2011.0,280486.0,New Hampshire,9351.0,29.99529462089616
NH,under18,2012.0,275818.0,New Hampshire,9351.0,29.496096674152497
NH,total,2012.0,1321617.0,New Hampshire,9351.0,141.33429579724094
NJ,total,2012.0,8867749.0,New Jersey,8722.0,1016.7105021783995
NJ,under18,2012.0,2035106.0,New Jersey,8722.0,233.33019949552855
NJ,under18,2011.0,2049453.0,New Jersey,8722.0,234.97512038523274
NJ,total,2011.0,8836639.0,New Jersey,8722.0,1013.1436597110754
NJ,under18,2010.0,2062013.0,New Jersey,8722.0,236.41515707406558
NJ,total,2010.0,8802707.0,New Jersey,8722.0,1009.2532675991745
NJ,total,2013.0,8899339.0,New Jersey,8722.0,1020.3323778949782
NJ,total,2009.0,8755602.0,New Jersey,8722.0,1003.8525567530382
NJ,under18,2009.0,2068684.0,New Jersey,8722.0,237.1800045861041
NJ,under18,2013.0,2022117.0,New Jersey,8722.0,231.84097684017428
NJ,total,2007.0,8677885.0,New Jersey,8722.0,994.9421004356799
NJ,under18,2007.0,2091023.0,New Jersey,8722.0,239.74122907590004
NJ,total,2008.0,8711090.0,New Jersey,8722.0,998.7491401054804
NJ,under18,2008.0,2076366.0,New Jersey,8722.0,238.06076587938546
NJ,total,2006.0,8661679.0,New Jersey,8722.0,993.0840403577162
NJ,under18,2006.0,2106403.0,New Jersey,8722.0,241.50458610410456
NJ,total,2005.0,8651974.0,New Jersey,8722.0,991.9713368493465
NJ,under18,2005.0,2121878.0,New Jersey,8722.0,243.27883512955745
NJ,total,2003.0,8601402.0,New Jersey,8722.0,986.1731254299473
NJ,under18,2003.0,2126014.0,New Jersey,8722.0,243.75303829396927
NJ,total,2004.0,8634561.0,New Jersey,8722.0,989.9748910800275
NJ,under18,2004.0,2129051.0,New Jersey,8722.0,244.10123824810825
NJ,total,2002.0,8552643.0,New Jersey,8722.0,980.5827791790873
NJ,under18,2002.0,2116591.0,New Jersey,8722.0,242.6726668195368
NJ,total,2001.0,8492671.0,New Jersey,8722.0,973.7068332951158
NJ,under18,2001.0,2102838.0,New Jersey,8722.0,241.09584957578537
NJ,total,1999.0,8359592.0,New Jersey,8722.0,958.4489795918367
NJ,under18,1999.0,2066678.0,New Jersey,8722.0,236.95001146526027
NJ,total,2000.0,8430621.0,New Jersey,8722.0,966.5926393029122
NJ,under18,2000.0,2088885.0,New Jersey,8722.0,239.49610181151112
NJ,total,1997.0,8218808.0,New Jersey,8722.0,942.3077275854162
NJ,under18,1997.0,2028349.0,New Jersey,8722.0,232.5554918596652
NJ,under18,1998.0,2042080.0,New Jersey,8722.0,234.12978674615914
NJ,total,1998.0,8287418.0,New Jersey,8722.0,950.1740426507682
NJ,total,1995.0,8083242.0,New Jersey,8722.0,926.7647328594359
NJ,under18,1995.0,1997187.0,New Jersey,8722.0,228.98268745700528
NJ,under18,1996.0,2016502.0,New Jersey,8722.0,231.19720247649622
NJ,total,1996.0,8149596.0,New Jersey,8722.0,934.3723916532905
NJ,under18,1992.0,1890108.0,New Jersey,8722.0,216.70580142169229
NJ,total,1992.0,7880508.0,New Jersey,8722.0,903.5207521210732
NJ,total,1993.0,7948915.0,New Jersey,8722.0,911.3637927080945
NJ,under18,1993.0,1928623.0,New Jersey,8722.0,221.12164641137355
NJ,under18,1994.0,1968232.0,New Jersey,8722.0,225.6629213483146
NJ,total,1994.0,8014306.0,New Jersey,8722.0,918.8610410456317
NJ,total,1991.0,7814676.0,New Jersey,8722.0,895.9729419857831
NJ,under18,1991.0,1849605.0,New Jersey,8722.0,212.06202705801422
NJ,under18,1990.0,1818187.0,New Jersey,8722.0,208.45987158908508
NJ,total,1990.0,7762963.0,New Jersey,8722.0,890.0439119468012
NM,total,1990.0,1521574.0,New Mexico,121593.0,12.513664437919946
NM,under18,1990.0,453538.0,New Mexico,121593.0,3.729968008026778
NM,under18,1991.0,461811.0,New Mexico,121593.0,3.7980064641879054
NM,total,1991.0,1555305.0,New Mexico,121593.0,12.791073499296834
NM,under18,1994.0,497542.0,New Mexico,121593.0,4.091863840846101
NM,under18,1993.0,487742.0,New Mexico,121593.0,4.011267095967695
NM,total,1993.0,1636453.0,New Mexico,121593.0,13.458447443520598
NM,total,1992.0,1595442.0,New Mexico,121593.0,13.12116651451975
NM,under18,1992.0,473176.0,New Mexico,121593.0,3.8914740157739343
NM,total,1994.0,1682398.0,New Mexico,121593.0,13.83630636632043
NM,under18,1996.0,508100.0,New Mexico,121593.0,4.178694497216123
NM,total,1995.0,1720394.0,New Mexico,121593.0,14.148791460034706
NM,under18,1995.0,504558.0,New Mexico,121593.0,4.149564530852928
NM,total,1996.0,1752326.0,New Mexico,121593.0,14.411405261816059
NM,under18,1998.0,512801.0,New Mexico,121593.0,4.217356262284835
NM,total,1998.0,1793484.0,New Mexico,121593.0,14.749895141990082
NM,total,1997.0,1774839.0,New Mexico,121593.0,14.596555722780094
NM,under18,1997.0,514500.0,New Mexico,121593.0,4.231329106116306
NM,under18,1999.0,511135.0,New Mexico,121593.0,4.203654815655507
NM,total,1999.0,1808082.0,New Mexico,121593.0,14.869951395228343
NM,total,2000.0,1821204.0,New Mexico,121593.0,14.977868791789001
NM,under18,2000.0,508132.0,New Mexico,121593.0,4.1789576702606235
NM,total,2001.0,1831690.0,New Mexico,121593.0,15.064107308808895
NM,under18,2001.0,503404.0,New Mexico,121593.0,4.140073852935613
NM,total,2002.0,1855309.0,New Mexico,121593.0,15.258353688123494
NM,under18,2002.0,502779.0,New Mexico,121593.0,4.134933754410205
NM,total,2004.0,1903808.0,New Mexico,121593.0,15.657217109537555
NM,under18,2004.0,501184.0,New Mexico,121593.0,4.121816222973362
NM,total,2003.0,1877574.0,New Mexico,121593.0,15.441464557992647
NM,under18,2003.0,500777.0,New Mexico,121593.0,4.118468990813616
NM,total,2005.0,1932274.0,New Mexico,121593.0,15.891325980936402
NM,under18,2005.0,502612.0,New Mexico,121593.0,4.133560320084215
NM,total,2006.0,1962137.0,New Mexico,121593.0,16.136924000559244
NM,under18,2006.0,505125.0,New Mexico,121593.0,4.154227628235178
NM,total,2008.0,2010662.0,New Mexico,121593.0,16.536001250071962
NM,under18,2008.0,511214.0,New Mexico,121593.0,4.204304524109118
NM,total,2007.0,1990070.0,New Mexico,121593.0,16.36664939593562
NM,under18,2007.0,508725.0,New Mexico,121593.0,4.183834595741531
NM,under18,2013.0,507540.0,New Mexico,121593.0,4.174088968937356
NM,total,2013.0,2085287.0,New Mexico,121593.0,17.14972901400574
NM,total,2009.0,2036802.0,New Mexico,121593.0,16.75098073079865
NM,under18,2009.0,515470.0,New Mexico,121593.0,4.23930653902774
NM,total,2010.0,2064982.0,New Mexico,121593.0,16.982737493112268
NM,under18,2010.0,518763.0,New Mexico,121593.0,4.266388690138412
NM,under18,2011.0,516513.0,New Mexico,121593.0,4.247884335446942
NM,total,2011.0,2077919.0,New Mexico,121593.0,17.089133420509405
NM,under18,2012.0,512314.0,New Mexico,121593.0,4.213351097513837
NM,total,2012.0,2083540.0,New Mexico,121593.0,17.13536141060752
NY,total,2012.0,19576125.0,New York,54475.0,359.35979807251033
NY,under18,2012.0,4264694.0,New York,54475.0,78.28717760440568
NY,total,2011.0,19502728.0,New York,54475.0,358.01244607618173
NY,under18,2011.0,4294555.0,New York,54475.0,78.83533731069298
NY,under18,2010.0,4318033.0,New York,54475.0,79.2663240018357
NY,total,2010.0,19398228.0,New York,54475.0,356.09413492427717
NY,total,2009.0,19307066.0,New York,54475.0,354.4206700321248
NY,under18,2009.0,4342926.0,New York,54475.0,79.72328591096833
NY,total,2013.0,19651127.0,New York,54475.0,360.73661312528685
NY,under18,2013.0,4239976.0,New York,54475.0,77.83342817806333
NY,total,2007.0,19132335.0,New York,54475.0,351.2131252868288
NY,under18,2007.0,4410949.0,New York,54475.0,80.97198715006884
NY,total,2008.0,19212436.0,New York,54475.0,352.68354290959155
NY,under18,2008.0,4372170.0,New York,54475.0,80.26011932078936
NY,total,2006.0,19104631.0,New York,54475.0,350.7045617255622
NY,under18,2006.0,4457777.0,New York,54475.0,81.83161083065626
NY,total,2005.0,19132610.0,New York,54475.0,351.2181734740707
NY,under18,2005.0,4514456.0,New York,54475.0,82.87206975676916
NY,total,2003.0,19175939.0,New York,54475.0,352.0135658558972
NY,under18,2003.0,4619506.0,New York,54475.0,84.8004772831574
NY,total,2004.0,19171567.0,New York,54475.0,351.93330885727397
NY,under18,2004.0,4574065.0,New York,54475.0,83.96631482331345
NY,total,2002.0,19137800.0,New York,54475.0,351.31344653510786
NY,under18,2002.0,4652232.0,New York,54475.0,85.40122992198256
NY,total,2001.0,19082838.0,New York,54475.0,350.3045066544286
NY,under18,2001.0,4672425.0,New York,54475.0,85.77191372189077
NY,under18,1999.0,4672587.0,New York,54475.0,85.77488756310234
NY,total,1999.0,18882725.0,New York,54475.0,346.63102340523176
NY,total,2000.0,19001780.0,New York,54475.0,348.81652134006424
NY,under18,2000.0,4687374.0,New York,54475.0,86.04633318035796
NY,under18,1997.0,4670787.0,New York,54475.0,85.74184488297384
NY,total,1997.0,18656546.0,New York,54475.0,342.4790454336852
NY,total,1998.0,18755906.0,New York,54475.0,344.30300137677835
NY,under18,1998.0,4652140.0,New York,54475.0,85.39954107388711
NY,total,1996.0,18588460.0,New York,54475.0,341.2291877007802
NY,under18,1995.0,4648419.0,New York,54475.0,85.3312345112437
NY,total,1995.0,18524104.0,New York,54475.0,340.04780174391925
NY,under18,1996.0,4667647.0,New York,54475.0,85.68420376319412
NY,total,1994.0,18459470.0,New York,54475.0,338.8613125286829
NY,under18,1992.0,4465539.0,New York,54475.0,81.97409821018816
NY,total,1992.0,18246653.0,New York,54475.0,334.95462138595684
NY,total,1993.0,18374954.0,New York,54475.0,337.30984855438277
NY,under18,1993.0,4538171.0,New York,54475.0,83.30740706746214
NY,under18,1994.0,4605284.0,New York,54475.0,84.53940339605323
NY,total,1991.0,18122510.0,New York,54475.0,332.6757228086278
NY,under18,1991.0,4372727.0,New York,54475.0,80.27034419458467
NY,under18,1990.0,4281643.0,New York,54475.0,78.59831115190454
NY,total,1990.0,18020784.0,New York,54475.0,330.8083340982102
NC,under18,1990.0,1625804.0,North Carolina,53821.0,30.207614128314226
NC,total,1990.0,6664016.0,North Carolina,53821.0,123.8181379015626
NC,total,1991.0,6784280.0,North Carolina,53821.0,126.05265602645808
NC,under18,1991.0,1640394.0,North Carolina,53821.0,30.478697906021814
NC,total,1993.0,7042818.0,North Carolina,53821.0,130.85632002378253
NC,under18,1993.0,1710267.0,North Carolina,53821.0,31.776945801824567
NC,under18,1992.0,1674144.0,North Carolina,53821.0,31.105776555619553
NC,total,1992.0,6897214.0,North Carolina,53821.0,128.150981958715
NC,under18,1994.0,1750754.0,North Carolina,53821.0,32.529198639936084
NC,total,1994.0,7187398.0,North Carolina,53821.0,133.54263205811858
NC,total,1995.0,7344674.0,North Carolina,53821.0,136.4648371453522
NC,under18,1995.0,1785150.0,North Carolina,53821.0,33.16828003938983
NC,under18,1996.0,1821506.0,North Carolina,53821.0,33.84377845079058
NC,total,1996.0,7500670.0,North Carolina,53821.0,139.36325969417143
NC,under18,1998.0,1894753.0,North Carolina,53821.0,35.20471563144498
NC,total,1998.0,7809122.0,North Carolina,53821.0,145.09433120900763
NC,total,1997.0,7656825.0,North Carolina,53821.0,142.26463648018432
NC,under18,1997.0,1861621.0,North Carolina,53821.0,34.58911948867542
NC,total,2000.0,8081614.0,North Carolina,53821.0,150.15726203526503
NC,under18,2000.0,1967626.0,North Carolina,53821.0,36.55870385165642
NC,total,1999.0,7949362.0,North Carolina,53821.0,147.70000557403245
NC,under18,1999.0,1932141.0,North Carolina,53821.0,35.89938871444232
NC,total,2001.0,8210122.0,North Carolina,53821.0,152.5449545716356
NC,under18,2001.0,2003782.0,North Carolina,53821.0,37.23048624142992
NC,total,2002.0,8326201.0,North Carolina,53821.0,154.70171494398096
NC,under18,2002.0,2034451.0,North Carolina,53821.0,37.800319577859945
NC,total,2004.0,8553152.0,North Carolina,53821.0,158.91848906560637
NC,under18,2004.0,2085165.0,North Carolina,53821.0,38.74259118188068
NC,total,2003.0,8422501.0,North Carolina,53821.0,156.49097935749987
NC,under18,2003.0,2060838.0,North Carolina,53821.0,38.290592891250625
NC,total,2005.0,8705407.0,North Carolina,53821.0,161.74740342988795
NC,under18,2005.0,2122485.0,North Carolina,53821.0,39.43600081752476
NC,total,2006.0,8917270.0,North Carolina,53821.0,165.68384087995392
NC,under18,2006.0,2166393.0,North Carolina,53821.0,40.251816205570314
NC,total,2008.0,9309449.0,North Carolina,53821.0,172.97056910871223
NC,under18,2008.0,2252101.0,North Carolina,53821.0,41.84428011371026
NC,total,2007.0,9118037.0,North Carolina,53821.0,169.4141134501403
NC,under18,2007.0,2219168.0,North Carolina,53821.0,41.23238141245982
NC,under18,2013.0,2285605.0,North Carolina,53821.0,42.46678805670649
NC,total,2013.0,9848060.0,North Carolina,53821.0,182.97801973207484
NC,total,2009.0,9449566.0,North Carolina,53821.0,175.57395812043626
NC,under18,2009.0,2272955.0,North Carolina,53821.0,42.23174968878319
NC,total,2010.0,9559533.0,North Carolina,53821.0,177.61715687185298
NC,under18,2010.0,2282288.0,North Carolina,53821.0,42.40515783801862
NC,under18,2011.0,2284238.0,North Carolina,53821.0,42.44138904888426
NC,total,2011.0,9651377.0,North Carolina,53821.0,179.32362832351683
NC,under18,2012.0,2284122.0,North Carolina,53821.0,42.439233756340464
NC,total,2012.0,9748364.0,North Carolina,53821.0,181.1256572713253
ND,total,2012.0,701345.0,North Dakota,70704.0,9.91945293052727
ND,under18,2012.0,156765.0,North Dakota,70704.0,2.2172012898845894
ND,total,2011.0,684867.0,North Dakota,70704.0,9.686396809232859
ND,under18,2011.0,152357.0,North Dakota,70704.0,2.154856868069699
ND,under18,2010.0,150179.0,North Dakota,70704.0,2.1240523874179678
ND,total,2010.0,674344.0,North Dakota,70704.0,9.537565059968319
ND,total,2009.0,664968.0,North Dakota,70704.0,9.404955872369314
ND,under18,2009.0,148674.0,North Dakota,70704.0,2.102766463000679
ND,total,2013.0,723393.0,North Dakota,70704.0,10.231288187372709
ND,under18,2013.0,162688.0,North Dakota,70704.0,2.3009730708305045
ND,total,2007.0,652822.0,North Dakota,70704.0,9.2331692690654
ND,under18,2007.0,147263.0,North Dakota,70704.0,2.0828100248925097
ND,total,2008.0,657569.0,North Dakota,70704.0,9.300308327675944
ND,under18,2008.0,147462.0,North Dakota,70704.0,2.0856245756958587
ND,total,2006.0,649422.0,North Dakota,70704.0,9.185081466395111
ND,under18,2006.0,147331.0,North Dakota,70704.0,2.0837717809459155
ND,total,2005.0,646089.0,North Dakota,70704.0,9.137941276306856
ND,under18,2005.0,148119.0,North Dakota,70704.0,2.094916836388323
ND,total,2003.0,638817.0,North Dakota,70704.0,9.035089952477936
ND,under18,2003.0,150406.0,North Dakota,70704.0,2.1272629554197784
ND,total,2004.0,644705.0,North Dakota,70704.0,9.118366711925775
ND,under18,2004.0,149128.0,North Dakota,70704.0,2.1091875990042994
ND,total,2002.0,638168.0,North Dakota,70704.0,9.025910839556461
ND,under18,2002.0,153097.0,North Dakota,70704.0,2.1653230368861736
ND,total,2001.0,639062.0,North Dakota,70704.0,9.038555102964471
ND,under18,2001.0,156113.0,North Dakota,70704.0,2.207979746548993
ND,total,1999.0,644259.0,North Dakota,70704.0,9.112058723693144
ND,under18,1999.0,163056.0,North Dakota,70704.0,2.3061778682959946
ND,total,2000.0,642023.0,North Dakota,70704.0,9.080433921701742
ND,under18,2000.0,160477.0,North Dakota,70704.0,2.269701855623444
ND,total,1997.0,649716.0,North Dakota,70704.0,9.189239646978955
ND,under18,1997.0,167475.0,North Dakota,70704.0,2.3686778682959946
ND,under18,1998.0,165448.0,North Dakota,70704.0,2.340009051821679
ND,total,1998.0,647532.0,North Dakota,70704.0,9.158350305498981
ND,under18,1996.0,169257.0,North Dakota,70704.0,2.3938815342837745
ND,total,1996.0,650382.0,North Dakota,70704.0,9.19865919891378
ND,total,1995.0,647832.0,North Dakota,70704.0,9.162593346911066
ND,under18,1995.0,171146.0,North Dakota,70704.0,2.4205985517085313
ND,under18,1994.0,172160.0,North Dakota,70704.0,2.434940031681376
ND,total,1994.0,644806.0,North Dakota,70704.0,9.11979520253451
ND,under18,1992.0,172052.0,North Dakota,70704.0,2.4334125367730257
ND,total,1992.0,638223.0,North Dakota,70704.0,9.02668873048201
ND,total,1993.0,641216.0,North Dakota,70704.0,9.069020140303236
ND,under18,1993.0,172168.0,North Dakota,70704.0,2.435053179452365
ND,total,1991.0,635753.0,North Dakota,70704.0,8.991754356189183
ND,under18,1991.0,171730.0,North Dakota,70704.0,2.4288583389907217
ND,under18,1990.0,170920.0,North Dakota,70704.0,2.4174021271780948
ND,total,1990.0,637685.0,North Dakota,70704.0,9.019079542883006
OH,under18,1990.0,2778491.0,Ohio,44828.0,61.981150173998394
OH,total,1990.0,10864162.0,Ohio,44828.0,242.35214598019095
OH,total,1991.0,10945762.0,Ohio,44828.0,244.1724368698135
OH,under18,1991.0,2806959.0,Ohio,44828.0,62.61619969661818
OH,total,1993.0,11101140.0,Ohio,44828.0,247.638529490497
OH,under18,1993.0,2855785.0,Ohio,44828.0,63.70538502721514
OH,under18,1992.0,2839356.0,Ohio,44828.0,63.33889533327385
OH,total,1992.0,11029431.0,Ohio,44828.0,246.038881948782
OH,under18,1994.0,2875397.0,Ohio,44828.0,64.14287945034353
OH,total,1994.0,11152455.0,Ohio,44828.0,248.78323815472473
OH,total,1995.0,11202751.0,Ohio,44828.0,249.90521549031854
OH,under18,1995.0,2879930.0,Ohio,44828.0,64.24399928616043
OH,under18,1996.0,2883443.0,Ohio,44828.0,64.32236548585705
OH,total,1996.0,11242827.0,Ohio,44828.0,250.7992103149817
OH,under18,1998.0,2896255.0,Ohio,44828.0,64.60816900151691
OH,total,1998.0,11311536.0,Ohio,44828.0,252.3319353975194
OH,total,1997.0,11277357.0,Ohio,44828.0,251.56948782011244
OH,under18,1997.0,2897375.0,Ohio,44828.0,64.63315338627643
OH,total,2000.0,11363543.0,Ohio,44828.0,253.4920808423307
OH,under18,2000.0,2886585.0,Ohio,44828.0,64.39245560810208
OH,total,1999.0,11335454.0,Ohio,44828.0,252.8654858570536
OH,under18,1999.0,2893270.0,Ohio,44828.0,64.5415811546355
OH,total,2001.0,11387404.0,Ohio,44828.0,254.02435977514054
OH,under18,2001.0,2878123.0,Ohio,44828.0,64.2036896582493
OH,total,2002.0,11407889.0,Ohio,44828.0,254.48132863388955
OH,under18,2002.0,2865674.0,Ohio,44828.0,63.925983760149904
OH,total,2004.0,11452251.0,Ohio,44828.0,255.47093334523066
OH,under18,2004.0,2836068.0,Ohio,44828.0,63.265548318015526
OH,total,2003.0,11434788.0,Ohio,44828.0,255.0813777103596
OH,under18,2003.0,2849573.0,Ohio,44828.0,63.566810921745336
OH,total,2005.0,11463320.0,Ohio,44828.0,255.7178549121085
OH,under18,2005.0,2819794.0,Ohio,44828.0,62.902516284465065
OH,total,2006.0,11481213.0,Ohio,44828.0,256.11700276612834
OH,under18,2006.0,2804828.0,Ohio,44828.0,62.56866244311591
OH,total,2008.0,11515391.0,Ohio,44828.0,256.8794280360489
OH,under18,2008.0,2768968.0,Ohio,44828.0,61.768715981083254
OH,total,2007.0,11500468.0,Ohio,44828.0,256.54653341661464
OH,under18,2007.0,2790347.0,Ohio,44828.0,62.24562773266708
OH,under18,2013.0,2649830.0,Ohio,44828.0,59.11104666726153
OH,total,2013.0,11570808.0,Ohio,44828.0,258.1156420094584
OH,total,2009.0,11528896.0,Ohio,44828.0,257.18069063977873
OH,under18,2009.0,2748051.0,Ohio,44828.0,61.302110288212724
OH,total,2010.0,11545435.0,Ohio,44828.0,257.5496341572232
OH,under18,2010.0,2722589.0,Ohio,44828.0,60.73411706968859
OH,under18,2011.0,2693469.0,Ohio,44828.0,60.08452306594093
OH,total,2011.0,11549772.0,Ohio,44828.0,257.64638172570716
OH,under18,2012.0,2668125.0,Ohio,44828.0,59.5191621308111
OH,total,2012.0,11553031.0,Ohio,44828.0,257.7190818238601
OK,total,2012.0,3815780.0,Oklahoma,69903.0,54.586784544297096
OK,under18,2012.0,939911.0,Oklahoma,69903.0,13.445932220362502
OK,total,2011.0,3785534.0,Oklahoma,69903.0,54.15409925182038
OK,under18,2011.0,935714.0,Oklahoma,69903.0,13.385891878746262
OK,under18,2010.0,931483.0,Oklahoma,69903.0,13.32536514884912
OK,total,2010.0,3759263.0,Oklahoma,69903.0,53.77827847159635
OK,total,2009.0,3717572.0,Oklahoma,69903.0,53.1818663004449
OK,under18,2009.0,922711.0,Oklahoma,69903.0,13.199876972376007
OK,total,2013.0,3850568.0,Oklahoma,69903.0,55.084445588887455
OK,under18,2013.0,947027.0,Oklahoma,69903.0,13.547730426448078
OK,total,2007.0,3634349.0,Oklahoma,69903.0,51.991316538632105
OK,under18,2007.0,904328.0,Oklahoma,69903.0,12.936898273321603
OK,total,2008.0,3668976.0,Oklahoma,69903.0,52.48667439165701
OK,under18,2008.0,910617.0,Oklahoma,69903.0,13.026865799751084
OK,total,2006.0,3594090.0,Oklahoma,69903.0,51.41538989742929
OK,under18,2006.0,894761.0,Oklahoma,69903.0,12.800037194397952
OK,total,2005.0,3548597.0,Oklahoma,69903.0,50.764588072042685
OK,under18,2005.0,885316.0,Oklahoma,69903.0,12.664921391070484
OK,total,2003.0,3504892.0,Oklahoma,69903.0,50.13936454801654
OK,under18,2003.0,883959.0,Oklahoma,69903.0,12.645508776447363
OK,total,2004.0,3525233.0,Oklahoma,69903.0,50.430353489835916
OK,under18,2004.0,881606.0,Oklahoma,69903.0,12.611847846301304
OK,total,2002.0,3489080.0,Oklahoma,69903.0,49.91316538632105
OK,under18,2002.0,884961.0,Oklahoma,69903.0,12.659842925196344
OK,total,2001.0,3467100.0,Oklahoma,69903.0,49.598729668254585
OK,under18,2001.0,885218.0,Oklahoma,69903.0,12.663519448378468
OK,total,1999.0,3437148.0,Oklahoma,69903.0,49.17025020385391
OK,under18,1999.0,895678.0,Oklahoma,69903.0,12.813155372444673
OK,total,2000.0,3454365.0,Oklahoma,69903.0,49.41654864598086
OK,under18,2000.0,891847.0,Oklahoma,69903.0,12.758350857616984
OK,total,1997.0,3372918.0,Oklahoma,69903.0,48.251405519076435
OK,under18,1997.0,893835.0,Oklahoma,69903.0,12.786790266512167
OK,under18,1998.0,898501.0,Oklahoma,69903.0,12.85353990529734
OK,total,1998.0,3405194.0,Oklahoma,69903.0,48.71313105303063
OK,under18,1996.0,887093.0,Oklahoma,69903.0,12.690342331516531
OK,total,1996.0,3340129.0,Oklahoma,69903.0,47.782341244295665
OK,total,1995.0,3308208.0,Oklahoma,69903.0,47.32569417621561
OK,under18,1995.0,883667.0,Oklahoma,69903.0,12.641331559446662
OK,under18,1994.0,877803.0,Oklahoma,69903.0,12.557443886528475
OK,total,1994.0,3280940.0,Oklahoma,69903.0,46.93561077493098
OK,under18,1992.0,862548.0,Oklahoma,69903.0,12.339212909317197
OK,total,1992.0,3220517.0,Oklahoma,69903.0,46.071227272077024
OK,total,1993.0,3252285.0,Oklahoma,69903.0,46.52568559289301
OK,under18,1993.0,870137.0,Oklahoma,69903.0,12.447777634722401
OK,total,1991.0,3175440.0,Oklahoma,69903.0,45.42637655036265
OK,under18,1991.0,849639.0,Oklahoma,69903.0,12.154542723488262
OK,under18,1990.0,841715.0,Oklahoma,69903.0,12.041185642962391
OK,total,1990.0,3148825.0,Oklahoma,69903.0,45.04563466517889
OR,under18,1990.0,742436.0,Oregon,98386.0,7.546154940743602
OR,total,1990.0,2860375.0,Oregon,98386.0,29.072988026751773
OR,total,1991.0,2928507.0,Oregon,98386.0,29.765484926717217
OR,under18,1991.0,752442.0,Oregon,98386.0,7.647856402333665
OR,total,1993.0,3060367.0,Oregon,98386.0,31.105716260443558
OR,under18,1993.0,778973.0,Oregon,98386.0,7.917518752668062
OR,under18,1992.0,770191.0,Oregon,98386.0,7.82825808549997
OR,total,1992.0,2991755.0,Oregon,98386.0,30.40834061756754
OR,under18,1994.0,793435.0,Oregon,98386.0,8.064511210944646
OR,total,1994.0,3121264.0,Oregon,98386.0,31.724676275079787
OR,total,1995.0,3184369.0,Oregon,98386.0,32.36607850710467
OR,under18,1995.0,806512.0,Oregon,98386.0,8.19742646311467
OR,under18,1996.0,816102.0,Oregon,98386.0,8.294899680848902
OR,total,1996.0,3247111.0,Oregon,98386.0,33.00379118980343
OR,under18,1998.0,837928.0,Oregon,98386.0,8.516740186611916
OR,total,1998.0,3352449.0,Oregon,98386.0,34.07445164962495
OR,total,1997.0,3304310.0,Oregon,98386.0,33.58516455593276
OR,under18,1997.0,830002.0,Oregon,98386.0,8.436179944301019
OR,total,2000.0,3429708.0,Oregon,98386.0,34.859715813225456
OR,under18,2000.0,847511.0,Oregon,98386.0,8.614142256012034
OR,total,1999.0,3393941.0,Oregon,98386.0,34.49617831805338
OR,under18,1999.0,843484.0,Oregon,98386.0,8.573211635801842
OR,total,2001.0,3467937.0,Oregon,98386.0,35.2482771939097
OR,under18,2001.0,848663.0,Oregon,98386.0,8.625851238997418
OR,total,2002.0,3513424.0,Oregon,98386.0,35.71060923302096
OR,under18,2002.0,850733.0,Oregon,98386.0,8.64689081779928
OR,total,2004.0,3569463.0,Oregon,98386.0,36.28019230378306
OR,under18,2004.0,846786.0,Oregon,98386.0,8.606773321407518
OR,total,2003.0,3547376.0,Oregon,98386.0,36.055698981562415
OR,under18,2003.0,850251.0,Oregon,98386.0,8.641991746793243
OR,total,2005.0,3613202.0,Oregon,98386.0,36.72475758746163
OR,under18,2005.0,849323.0,Oregon,98386.0,8.632559510499462
OR,total,2006.0,3670883.0,Oregon,98386.0,37.311030024596995
OR,under18,2006.0,857003.0,Oregon,98386.0,8.710619397068688
OR,total,2008.0,3768748.0,Oregon,98386.0,38.30573455572947
OR,under18,2008.0,865664.0,Oregon,98386.0,8.798650214461407
OR,total,2007.0,3722417.0,Oregon,98386.0,37.83482406033379
OR,under18,2007.0,862161.0,Oregon,98386.0,8.763045555261927
OR,under18,2013.0,857606.0,Oregon,98386.0,8.7167483178501
OR,total,2013.0,3930065.0,Oregon,98386.0,39.94536824344927
OR,total,2009.0,3808600.0,Oregon,98386.0,38.7107921858801
OR,under18,2009.0,866194.0,Oregon,98386.0,8.804037159758503
OR,total,2010.0,3837208.0,Oregon,98386.0,39.00156526335048
OR,under18,2010.0,865129.0,Oregon,98386.0,8.79321244892566
OR,under18,2011.0,862518.0,Oregon,98386.0,8.76667412030167
OR,total,2011.0,3867937.0,Oregon,98386.0,39.31389628605696
OR,under18,2012.0,859910.0,Oregon,98386.0,8.74016628382087
OR,total,2012.0,3899801.0,Oregon,98386.0,39.63776350293741
PA,total,2012.0,12764475.0,Pennsylvania,46058.0,277.1391506361544
PA,under18,2012.0,2737905.0,Pennsylvania,46058.0,59.44472187242173
PA,total,2011.0,12741310.0,Pennsylvania,46058.0,276.6361978375092
PA,under18,2011.0,2761343.0,Pennsylvania,46058.0,59.95360198011203
PA,under18,2010.0,2785316.0,Pennsylvania,46058.0,60.474097876590385
PA,total,2010.0,12710472.0,Pennsylvania,46058.0,275.9666507447132
PA,total,2009.0,12666858.0,Pennsylvania,46058.0,275.01971427330756
PA,under18,2009.0,2804929.0,Pennsylvania,46058.0,60.89993052238482
PA,total,2013.0,12773801.0,Pennsylvania,46058.0,277.3416344608971
PA,under18,2013.0,2715645.0,Pennsylvania,46058.0,58.96141821181988
PA,total,2007.0,12563937.0,Pennsylvania,46058.0,272.78511876329844
PA,under18,2007.0,2839574.0,Pennsylvania,46058.0,61.652134265491334
PA,total,2008.0,12612285.0,Pennsylvania,46058.0,273.83483868166223
PA,under18,2008.0,2821004.0,Pennsylvania,46058.0,61.24894697989492
PA,total,2006.0,12510809.0,Pennsylvania,46058.0,271.63161665725823
PA,under18,2006.0,2850778.0,Pennsylvania,46058.0,61.89539276564332
PA,total,2005.0,12449990.0,Pennsylvania,46058.0,270.3111294454818
PA,under18,2005.0,2859793.0,Pennsylvania,46058.0,62.09112423466065
PA,total,2003.0,12374658.0,Pennsylvania,46058.0,268.6755395371054
PA,under18,2003.0,2883270.0,Pennsylvania,46058.0,62.60085110078597
PA,total,2004.0,12410722.0,Pennsylvania,46058.0,269.45855226019364
PA,under18,2004.0,2873125.0,Pennsylvania,46058.0,62.3805853489079
PA,total,2002.0,12331031.0,Pennsylvania,46058.0,267.7283208128881
PA,under18,2002.0,2894935.0,Pennsylvania,46058.0,62.85411871987494
PA,total,2001.0,12298970.0,Pennsylvania,46058.0,267.0322202440401
PA,under18,2001.0,2905836.0,Pennsylvania,46058.0,63.090798558339486
PA,total,1999.0,12263805.0,Pennsylvania,46058.0,266.2687263884667
PA,under18,1999.0,2930193.0,Pennsylvania,46058.0,63.61963176863954
PA,total,2000.0,12284173.0,Pennsylvania,46058.0,266.7109514090929
PA,under18,2000.0,2918850.0,Pennsylvania,46058.0,63.37335533457814
PA,total,1997.0,12227814.0,Pennsylvania,46058.0,265.48729862347477
PA,under18,1997.0,2942240.0,Pennsylvania,46058.0,63.88119327804073
PA,under18,1998.0,2940285.0,Pennsylvania,46058.0,63.83874679751617
PA,total,1998.0,12245672.0,Pennsylvania,46058.0,265.87502713969343
PA,under18,1996.0,2937411.0,Pennsylvania,46058.0,63.776347214381865
PA,total,1996.0,12220464.0,Pennsylvania,46058.0,265.3277172261062
PA,total,1995.0,12198403.0,Pennsylvania,46058.0,264.8487342046984
PA,under18,1995.0,2941531.0,Pennsylvania,46058.0,63.865799643927225
PA,under18,1994.0,2932851.0,Pennsylvania,46058.0,63.677341612749146
PA,total,1994.0,12166050.0,Pennsylvania,46058.0,264.1462938034652
PA,under18,1992.0,2873013.0,Pennsylvania,46058.0,62.378153632376566
PA,total,1992.0,12049450.0,Pennsylvania,46058.0,261.61470320031265
PA,total,1993.0,12119724.0,Pennsylvania,46058.0,263.1404750531938
PA,under18,1993.0,2907351.0,Pennsylvania,46058.0,63.123691866776674
PA,total,1991.0,11982164.0,Pennsylvania,46058.0,260.1538060706066
PA,under18,1991.0,2830059.0,Pennsylvania,46058.0,61.445546919102
PA,under18,1990.0,2799168.0,Pennsylvania,46058.0,60.77484910330453
PA,total,1990.0,11903299.0,Pennsylvania,46058.0,258.44150853271964
,,,,Puerto Rico,3515.0,
RI,under18,1990.0,225923.0,Rhode Island,1545.0,146.2284789644013
RI,total,1990.0,1005995.0,Rhode Island,1545.0,651.1294498381877
RI,total,1991.0,1010649.0,Rhode Island,1545.0,654.1417475728156
RI,under18,1991.0,229448.0,Rhode Island,1545.0,148.51003236245955
RI,total,1993.0,1015113.0,Rhode Island,1545.0,657.031067961165
RI,under18,1993.0,237218.0,Rhode Island,1545.0,153.5391585760518
RI,under18,1992.0,232630.0,Rhode Island,1545.0,150.5695792880259
RI,total,1992.0,1012581.0,Rhode Island,1545.0,655.3922330097088
RI,under18,1994.0,239100.0,Rhode Island,1545.0,154.75728155339806
RI,total,1994.0,1015960.0,Rhode Island,1545.0,657.5792880258899
RI,total,1995.0,1017002.0,Rhode Island,1545.0,658.2537216828479
RI,under18,1995.0,240553.0,Rhode Island,1545.0,155.69773462783172
RI,under18,1996.0,240569.0,Rhode Island,1545.0,155.70809061488674
RI,total,1996.0,1020893.0,Rhode Island,1545.0,660.7721682847897
RI,under18,1998.0,241760.0,Rhode Island,1545.0,156.4789644012945
RI,total,1998.0,1031155.0,Rhode Island,1545.0,667.4142394822006
RI,total,1997.0,1025353.0,Rhode Island,1545.0,663.6588996763754
RI,under18,1997.0,242079.0,Rhode Island,1545.0,156.68543689320387
RI,total,2000.0,1050268.0,Rhode Island,1545.0,679.7851132686084
RI,under18,2000.0,248065.0,Rhode Island,1545.0,160.5598705501618
RI,total,1999.0,1040402.0,Rhode Island,1545.0,673.399352750809
RI,under18,1999.0,247014.0,Rhode Island,1545.0,159.87961165048543
RI,total,2001.0,1057142.0,Rhode Island,1545.0,684.2343042071197
RI,under18,2001.0,248296.0,Rhode Island,1545.0,160.7093851132686
RI,total,2002.0,1065995.0,Rhode Island,1545.0,689.9644012944984
RI,under18,2002.0,248690.0,Rhode Island,1545.0,160.96440129449837
RI,total,2004.0,1074579.0,Rhode Island,1545.0,695.5203883495145
RI,under18,2004.0,246228.0,Rhode Island,1545.0,159.37087378640777
RI,total,2003.0,1071342.0,Rhode Island,1545.0,693.4252427184466
RI,under18,2003.0,248075.0,Rhode Island,1545.0,160.5663430420712
RI,total,2005.0,1067916.0,Rhode Island,1545.0,691.2077669902912
RI,under18,2005.0,241932.0,Rhode Island,1545.0,156.59029126213593
RI,total,2006.0,1063096.0,Rhode Island,1545.0,688.0880258899676
RI,under18,2006.0,237348.0,Rhode Island,1545.0,153.6233009708738
RI,total,2008.0,1055003.0,Rhode Island,1545.0,682.8498381877023
RI,under18,2008.0,229798.0,Rhode Island,1545.0,148.73656957928802
RI,total,2007.0,1057315.0,Rhode Island,1545.0,684.3462783171522
RI,under18,2007.0,233655.0,Rhode Island,1545.0,151.23300970873785
RI,under18,2013.0,213987.0,Rhode Island,1545.0,138.50291262135923
RI,total,2013.0,1051511.0,Rhode Island,1545.0,680.589644012945
RI,total,2009.0,1053646.0,Rhode Island,1545.0,681.9715210355987
RI,under18,2009.0,225902.0,Rhode Island,1545.0,146.21488673139157
RI,total,2010.0,1052669.0,Rhode Island,1545.0,681.3391585760518
RI,under18,2010.0,223088.0,Rhode Island,1545.0,144.3935275080906
RI,under18,2011.0,219783.0,Rhode Island,1545.0,142.25436893203883
RI,total,2011.0,1050350.0,Rhode Island,1545.0,679.8381877022654
RI,under18,2012.0,216591.0,Rhode Island,1545.0,140.1883495145631
RI,total,2012.0,1050304.0,Rhode Island,1545.0,679.8084142394822
SC,total,2012.0,4723417.0,South Carolina,32007.0,147.57449932827194
SC,under18,2012.0,1077455.0,South Carolina,32007.0,33.66310494579311
SC,total,2011.0,4673509.0,South Carolina,32007.0,146.01521542162652
SC,under18,2011.0,1076524.0,South Carolina,32007.0,33.634017558659046
SC,under18,2010.0,1079978.0,South Carolina,32007.0,33.74193145249477
SC,total,2010.0,4636361.0,South Carolina,32007.0,144.85459430749523
SC,total,2009.0,4589872.0,South Carolina,32007.0,143.402130783891
SC,under18,2009.0,1079729.0,South Carolina,32007.0,33.73415190427094
SC,total,2013.0,4774839.0,South Carolina,32007.0,149.18108538757147
SC,under18,2013.0,1079798.0,South Carolina,32007.0,33.73630768269441
SC,total,2007.0,4444110.0,South Carolina,32007.0,138.8480644858937
SC,under18,2007.0,1064190.0,South Carolina,32007.0,33.248664354672414
SC,total,2008.0,4528996.0,South Carolina,32007.0,141.50017183741056
SC,under18,2008.0,1074116.0,South Carolina,32007.0,33.5587840159965
SC,total,2006.0,4357847.0,South Carolina,32007.0,136.15293529540412
SC,under18,2006.0,1050042.0,South Carolina,32007.0,32.80663604836442
SC,total,2005.0,4270150.0,South Carolina,32007.0,133.41300340550504
SC,under18,2005.0,1036941.0,South Carolina,32007.0,32.397319336395164
SC,total,2003.0,4150297.0,South Carolina,32007.0,129.6684162839379
SC,under18,2003.0,1023785.0,South Carolina,32007.0,31.986284250320242
SC,total,2004.0,4210921.0,South Carolina,32007.0,131.56250195269786
SC,under18,2004.0,1029111.0,South Carolina,32007.0,32.15268535007967
SC,total,2002.0,4107795.0,South Carolina,32007.0,128.34051926141157
SC,under18,2002.0,1020531.0,South Carolina,32007.0,31.884618989596024
SC,total,2001.0,4064995.0,South Carolina,32007.0,127.0033117755491
SC,under18,2001.0,1016134.0,South Carolina,32007.0,31.747242790639547
SC,total,1999.0,3974682.0,South Carolina,32007.0,124.1816477645515
SC,under18,1999.0,1007050.0,South Carolina,32007.0,31.463429874714905
SC,total,2000.0,4024223.0,South Carolina,32007.0,125.72946542943731
SC,under18,2000.0,1010641.0,South Carolina,32007.0,31.57562408223201
SC,total,1997.0,3859696.0,South Carolina,32007.0,120.58912112975287
SC,under18,1997.0,1001681.0,South Carolina,32007.0,31.295685318836505
SC,under18,1998.0,1006371.0,South Carolina,32007.0,31.44221576530134
SC,total,1998.0,3919235.0,South Carolina,32007.0,122.4493079638829
SC,under18,1996.0,987576.0,South Carolina,32007.0,30.855000468647482
SC,total,1996.0,3796200.0,South Carolina,32007.0,118.60530508951167
SC,total,1995.0,3748582.0,South Carolina,32007.0,117.117568031993
SC,under18,1995.0,975884.0,South Carolina,32007.0,30.48970537694879
SC,under18,1994.0,969766.0,South Carolina,32007.0,30.298559690067798
SC,total,1994.0,3705397.0,South Carolina,32007.0,115.76833192739089
SC,under18,1992.0,947868.0,South Carolina,32007.0,29.614396850688912
SC,total,1992.0,3620464.0,South Carolina,32007.0,113.11475614709282
SC,total,1993.0,3663314.0,South Carolina,32007.0,114.45352579123316
SC,under18,1993.0,956951.0,South Carolina,32007.0,29.898178523447996
SC,total,1991.0,3570404.0,South Carolina,32007.0,111.55072327928265
SC,under18,1991.0,936122.0,South Carolina,32007.0,29.247414628050112
SC,under18,1990.0,921041.0,South Carolina,32007.0,28.77623644827694
SC,total,1990.0,3501155.0,South Carolina,32007.0,109.38716530758896
SD,under18,1990.0,199453.0,South Dakota,77121.0,2.5862346183270444
SD,total,1990.0,697101.0,South Dakota,77121.0,9.039055510172327
SD,total,1991.0,703669.0,South Dakota,77121.0,9.124220380959791
SD,under18,1991.0,201749.0,South Dakota,77121.0,2.616006016519495
SD,total,1993.0,722160.0,South Dakota,77121.0,9.363986462831136
SD,under18,1993.0,207975.0,South Dakota,77121.0,2.696736297506516
SD,under18,1992.0,206632.0,South Dakota,77121.0,2.679322104225827
SD,total,1992.0,712801.0,South Dakota,77121.0,9.242631708613738
SD,under18,1994.0,208443.0,South Dakota,77121.0,2.702804683549228
SD,total,1994.0,730790.0,South Dakota,77121.0,9.475888538789695
SD,total,1995.0,737926.0,South Dakota,77121.0,9.56841845930421
SD,under18,1995.0,207890.0,South Dakota,77121.0,2.6956341333748264
SD,under18,1996.0,205780.0,South Dakota,77121.0,2.6682745296352484
SD,total,1996.0,742214.0,South Dakota,77121.0,9.624019398088718
SD,under18,1998.0,204786.0,South Dakota,77121.0,2.655385692612907
SD,total,1998.0,746059.0,South Dakota,77121.0,9.673876116751599
SD,total,1997.0,744223.0,South Dakota,77121.0,9.650069371507112
SD,under18,1997.0,205978.0,South Dakota,77121.0,2.670841923730242
SD,total,2000.0,755844.0,South Dakota,77121.0,9.800754658264285
SD,under18,2000.0,202681.0,South Dakota,77121.0,2.628090922057546
SD,total,1999.0,750413.0,South Dakota,77121.0,9.73033285356777
SD,under18,1999.0,203737.0,South Dakota,77121.0,2.6417836905641785
SD,total,2001.0,757972.0,South Dakota,77121.0,9.828347661467046
SD,under18,2001.0,200795.0,South Dakota,77121.0,2.60363584497089
SD,total,2002.0,760020.0,South Dakota,77121.0,9.854903333722332
SD,under18,2002.0,198694.0,South Dakota,77121.0,2.5763929409629025
SD,total,2004.0,770396.0,South Dakota,77121.0,9.98944515760947
SD,under18,2004.0,196804.0,South Dakota,77121.0,2.551885997328873
SD,total,2003.0,763729.0,South Dakota,77121.0,9.90299658977451
SD,under18,2003.0,197326.0,South Dakota,77121.0,2.558654581761129
SD,total,2005.0,775493.0,South Dakota,77121.0,10.055536105600291
SD,under18,2005.0,196476.0,South Dakota,77121.0,2.547632940444237
SD,total,2006.0,783033.0,South Dakota,77121.0,10.153304547399541
SD,under18,2006.0,197332.0,South Dakota,77121.0,2.558732381582189
SD,total,2008.0,799124.0,South Dakota,77121.0,10.361950700846721
SD,under18,2008.0,199848.0,South Dakota,77121.0,2.5913564398801885
SD,total,2007.0,791623.0,South Dakota,77121.0,10.264687957884364
SD,under18,2007.0,198847.0,South Dakota,77121.0,2.578376836399943
SD,under18,2013.0,207959.0,South Dakota,77121.0,2.6965288313170213
SD,total,2013.0,844877.0,South Dakota,77121.0,10.955213236342889
SD,total,2009.0,807067.0,South Dakota,77121.0,10.464944697293863
SD,under18,2009.0,201204.0,South Dakota,77121.0,2.6089391994398414
SD,total,2010.0,816211.0,South Dakota,77121.0,10.58351162458993
SD,under18,2010.0,203145.0,South Dakota,77121.0,2.6341074415528842
SD,under18,2011.0,203948.0,South Dakota,77121.0,2.644519650938136
SD,total,2011.0,823772.0,South Dakota,77121.0,10.681552365762892
SD,under18,2012.0,205298.0,South Dakota,77121.0,2.662024610676729
SD,total,2012.0,834047.0,South Dakota,77121.0,10.814784559328848
TN,total,2012.0,6454914.0,Tennessee,42146.0,153.15602904190197
TN,under18,2012.0,1492689.0,Tennessee,42146.0,35.41709770796754
TN,total,2011.0,6398361.0,Tennessee,42146.0,151.81419351777154
TN,under18,2011.0,1491837.0,Tennessee,42146.0,35.39688226640725
TN,under18,2010.0,1495090.0,Tennessee,42146.0,35.47406634081526
TN,total,2010.0,6356683.0,Tennessee,42146.0,150.82529777440325
TN,total,2009.0,6306019.0,Tennessee,42146.0,149.62319081288854
TN,under18,2009.0,1494687.0,Tennessee,42146.0,35.46450434204907
TN,total,2013.0,6495978.0,Tennessee,42146.0,154.13035638020216
TN,under18,2013.0,1491577.0,Tennessee,42146.0,35.39071323494519
TN,total,2007.0,6175727.0,Tennessee,42146.0,146.53174678498553
TN,under18,2007.0,1482747.0,Tennessee,42146.0,35.18120343567598
TN,total,2008.0,6247411.0,Tennessee,42146.0,148.23259621316376
TN,under18,2008.0,1494354.0,Tennessee,42146.0,35.456603236368814
TN,total,2006.0,6088766.0,Tennessee,42146.0,144.46841930432308
TN,under18,2006.0,1470166.0,Tennessee,42146.0,34.88269349404451
TN,total,2005.0,5991057.0,Tennessee,42146.0,142.15007355383668
TN,under18,2005.0,1449326.0,Tennessee,42146.0,34.388221895316285
TN,total,2003.0,5847812.0,Tennessee,42146.0,138.75129312390263
TN,under18,2003.0,1424861.0,Tennessee,42146.0,33.807739761780475
TN,total,2004.0,5910809.0,Tennessee,42146.0,140.2460257201158
TN,under18,2004.0,1433343.0,Tennessee,42146.0,34.00899254970816
TN,total,2002.0,5795918.0,Tennessee,42146.0,137.5200018981635
TN,under18,2002.0,1414857.0,Tennessee,42146.0,33.57037441275566
TN,total,2001.0,5750789.0,Tennessee,42146.0,136.44922412565842
TN,under18,2001.0,1407578.0,Tennessee,42146.0,33.39766525886205
TN,total,1999.0,5638706.0,Tennessee,42146.0,133.78982584349643
TN,under18,1999.0,1385997.0,Tennessee,42146.0,32.88561192046695
TN,total,2000.0,5703719.0,Tennessee,42146.0,135.33239216058465
TN,under18,2000.0,1399685.0,Tennessee,42146.0,33.210387699900345
TN,total,1997.0,5499233.0,Tennessee,42146.0,130.4805438238504
TN,under18,1997.0,1359030.0,Tennessee,42146.0,32.24576472263085
TN,under18,1998.0,1369987.0,Tennessee,42146.0,32.505741944668536
TN,total,1998.0,5570045.0,Tennessee,42146.0,132.16070326958666
TN,under18,1996.0,1345723.0,Tennessee,42146.0,31.930028946993783
TN,total,1996.0,5416643.0,Tennessee,42146.0,128.52092725288284
TN,total,1995.0,5326936.0,Tennessee,42146.0,126.39244530916338
TN,under18,1995.0,1331616.0,Tennessee,42146.0,31.595311536088833
TN,under18,1994.0,1310988.0,Tennessee,42146.0,31.10587007070659
TN,total,1994.0,5231438.0,Tennessee,42146.0,124.12656005314858
TN,under18,1992.0,1259458.0,Tennessee,42146.0,29.88321548901438
TN,total,1992.0,5049742.0,Tennessee,42146.0,119.81545105110806
TN,total,1993.0,5137584.0,Tennessee,42146.0,121.89968205760927
TN,under18,1993.0,1285044.0,Tennessee,42146.0,30.490295638969297
TN,total,1991.0,4966587.0,Tennessee,42146.0,117.84242870023253
TN,under18,1991.0,1233260.0,Tennessee,42146.0,29.261614388079533
TN,under18,1990.0,1220200.0,Tennessee,42146.0,28.95173919233142
TN,total,1990.0,4894492.0,Tennessee,42146.0,116.13182745693541
TX,under18,1990.0,4906220.0,Texas,268601.0,18.265829241142065
TX,total,1990.0,17056755.0,Texas,268601.0,63.50220215114612
TX,total,1991.0,17398005.0,Texas,268601.0,64.77267396621755
TX,under18,1991.0,5000793.0,Texas,268601.0,18.617923983901772
TX,total,1993.0,18161612.0,Texas,268601.0,67.61557849747395
TX,under18,1993.0,5217899.0,Texas,268601.0,19.42620839088462
TX,under18,1992.0,5109805.0,Texas,268601.0,19.02377504179061
TX,total,1992.0,17759738.0,Texas,268601.0,66.1194038741479
TX,under18,1994.0,5331524.0,Texas,268601.0,19.849233621617195
TX,total,1994.0,18564062.0,Texas,268601.0,69.113897565534
TX,total,1995.0,18958751.0,Texas,268601.0,70.58332247459987
TX,under18,1995.0,5421784.0,Texas,268601.0,20.18527108983213
TX,under18,1996.0,5551447.0,Texas,268601.0,20.668005703627312
TX,total,1996.0,19340342.0,Texas,268601.0,72.00398360393297
TX,under18,1998.0,5759054.0,Texas,268601.0,21.440925387470635
TX,total,1998.0,20157531.0,Texas,268601.0,75.04637361737298
TX,total,1997.0,19740317.0,Texas,268601.0,73.49308826102659
TX,under18,1997.0,5655482.0,Texas,268601.0,21.05532741873634
TX,total,2000.0,20944499.0,Texas,268601.0,77.9762510191697
TX,under18,2000.0,5906301.0,Texas,268601.0,21.98912513356242
TX,total,1999.0,20558220.0,Texas,268601.0,76.53813649241812
TX,under18,1999.0,5840211.0,Texas,268601.0,21.743072438300675
TX,total,2001.0,21319622.0,Texas,268601.0,79.37283182117713
TX,under18,2001.0,5980187.0,Texas,268601.0,22.26420229261991
TX,total,2002.0,21690325.0,Texas,268601.0,80.75295698824651
TX,under18,2002.0,6060372.0,Texas,268601.0,22.56273059296131
TX,total,2004.0,22394023.0,Texas,268601.0,83.37282065219415
TX,under18,2004.0,6208259.0,Texas,268601.0,23.113313055424218
TX,total,2003.0,22030931.0,Texas,268601.0,82.0210311949695
TX,under18,2003.0,6132980.0,Texas,268601.0,22.83304976526521
TX,total,2005.0,22778123.0,Texas,268601.0,84.80282277430092
TX,under18,2005.0,6290970.0,Texas,268601.0,23.42124563944289
TX,total,2006.0,23359580.0,Texas,268601.0,86.96758388836973
TX,under18,2006.0,6446798.0,Texas,268601.0,24.001392399879375
TX,total,2008.0,24309039.0,Texas,268601.0,90.50241436182293
TX,under18,2008.0,6675917.0,Texas,268601.0,24.854401137747068
TX,total,2007.0,23831983.0,Texas,268601.0,88.72633757878786
TX,under18,2007.0,6565872.0,Texas,268601.0,24.444704226715462
TX,under18,2013.0,7041986.0,Texas,268601.0,26.217273949091776
TX,total,2013.0,26448193.0,Texas,268601.0,98.46647257456227
TX,total,2009.0,24801761.0,Texas,268601.0,92.33681557402988
TX,under18,2009.0,6792907.0,Texas,268601.0,25.289954244399684
TX,total,2010.0,25245178.0,Texas,268601.0,93.98765455080212
TX,under18,2010.0,6879014.0,Texas,268601.0,25.610530117162632
TX,under18,2011.0,6931758.0,Texas,268601.0,25.806895730097803
TX,total,2011.0,25640909.0,Texas,268601.0,95.46095881995971
TX,under18,2012.0,6985807.0,Texas,268601.0,26.008119850633467
TX,total,2012.0,26060796.0,Texas,268601.0,97.02419574014989
UT,total,2012.0,2854871.0,Utah,84904.0,33.62469377178932
UT,under18,2012.0,888578.0,Utah,84904.0,10.465678884387073
UT,total,2011.0,2814784.0,Utah,84904.0,33.15254876095355
UT,under18,2011.0,881350.0,Utah,84904.0,10.38054744181664
UT,under18,2010.0,873019.0,Utah,84904.0,10.282424856308301
UT,total,2010.0,2774424.0,Utah,84904.0,32.677188353905585
UT,total,2009.0,2723421.0,Utah,84904.0,32.07647460661453
UT,under18,2009.0,857853.0,Utah,84904.0,10.103799585414114
UT,total,2013.0,2900872.0,Utah,84904.0,34.16649392254782
UT,under18,2013.0,896589.0,Utah,84904.0,10.560032507302365
UT,total,2007.0,2597746.0,Utah,84904.0,30.596273438236125
UT,under18,2007.0,815496.0,Utah,84904.0,9.604918496183926
UT,total,2008.0,2663029.0,Utah,84904.0,31.365177141241873
UT,under18,2008.0,837258.0,Utah,84904.0,9.861231508527277
UT,total,2006.0,2525507.0,Utah,84904.0,29.745441910864034
UT,under18,2006.0,789957.0,Utah,84904.0,9.304119947234524
UT,total,2005.0,2457719.0,Utah,84904.0,28.947034297559597
UT,under18,2005.0,767888.0,Utah,84904.0,9.044191086403467
UT,total,2003.0,2360137.0,Utah,84904.0,27.797712710826346
UT,under18,2003.0,740483.0,Utah,84904.0,8.721414774333365
UT,total,2004.0,2401580.0,Utah,84904.0,28.285828700650146
UT,under18,2004.0,751771.0,Utah,84904.0,8.854364929803072
UT,total,2002.0,2324815.0,Utah,84904.0,27.381689908602656
UT,under18,2002.0,733517.0,Utah,84904.0,8.639369169885988
UT,total,2001.0,2283715.0,Utah,84904.0,26.897613775558277
UT,under18,2001.0,726819.0,Utah,84904.0,8.56048007161029
UT,total,1999.0,2203482.0,Utah,84904.0,25.95262885140865
UT,under18,1999.0,715398.0,Utah,84904.0,8.425963441062848
UT,total,2000.0,2244502.0,Utah,84904.0,26.43576274380477
UT,under18,2000.0,721686.0,Utah,84904.0,8.500023556016206
UT,total,1997.0,2119784.0,Utah,84904.0,24.966833129181193
UT,under18,1997.0,699528.0,Utah,84904.0,8.23904645246396
UT,under18,1998.0,709386.0,Utah,84904.0,8.355154056345992
UT,total,1998.0,2165961.0,Utah,84904.0,25.51070620936587
UT,under18,1996.0,687078.0,Utah,84904.0,8.092410251578253
UT,total,1996.0,2067976.0,Utah,84904.0,24.356638085367003
UT,total,1995.0,2014179.0,Utah,84904.0,23.72301658343541
UT,under18,1995.0,679636.0,Utah,84904.0,8.00475831527372
UT,under18,1994.0,673935.0,Utah,84904.0,7.937611891076981
UT,total,1994.0,1960446.0,Utah,84904.0,23.090148874022425
UT,under18,1992.0,648725.0,Utah,84904.0,7.640688306793555
UT,total,1992.0,1836799.0,Utah,84904.0,21.63383350607745
UT,total,1993.0,1898404.0,Utah,84904.0,22.359417695279376
UT,under18,1993.0,662968.0,Utah,84904.0,7.808442476208423
UT,total,1991.0,1779780.0,Utah,84904.0,20.962263262037123
UT,under18,1991.0,637216.0,Utah,84904.0,7.505135211533026
UT,under18,1990.0,627122.0,Utah,84904.0,7.386247997738622
UT,total,1990.0,1731223.0,Utah,84904.0,20.390358522566665
VT,under18,1990.0,143296.0,Vermont,9615.0,14.903380135205408
VT,total,1990.0,564798.0,Vermont,9615.0,58.74134165366615
VT,total,1991.0,568606.0,Vermont,9615.0,59.137389495579825
VT,under18,1991.0,145219.0,Vermont,9615.0,15.103380135205407
VT,total,1993.0,577748.0,Vermont,9615.0,60.088195527821114
VT,under18,1993.0,148705.0,Vermont,9615.0,15.465938637545502
VT,under18,1992.0,146983.0,Vermont,9615.0,15.28684347373895
VT,total,1992.0,572751.0,Vermont,9615.0,59.56848673946958
VT,under18,1994.0,150794.0,Vermont,9615.0,15.683203328133125
VT,total,1994.0,583836.0,Vermont,9615.0,60.72137285491419
VT,total,1995.0,589003.0,Vermont,9615.0,61.25876235049402
VT,under18,1995.0,151439.0,Vermont,9615.0,15.750286011440458
VT,under18,1996.0,151490.0,Vermont,9615.0,15.755590223608944
VT,total,1996.0,593701.0,Vermont,9615.0,61.7473738949558
VT,under18,1998.0,148467.0,Vermont,9615.0,15.441185647425897
VT,total,1998.0,600416.0,Vermont,9615.0,62.44576183047322
VT,total,1997.0,597239.0,Vermont,9615.0,62.11534061362455
VT,under18,1997.0,150040.0,Vermont,9615.0,15.604784191367655
VT,total,2000.0,609618.0,Vermont,9615.0,63.40280811232449
VT,under18,2000.0,147549.0,Vermont,9615.0,15.345709828393137
VT,total,1999.0,604683.0,Vermont,9615.0,62.88954758190328
VT,under18,1999.0,147859.0,Vermont,9615.0,15.377951118044722
VT,total,2001.0,612223.0,Vermont,9615.0,63.67373894955798
VT,under18,2001.0,146040.0,Vermont,9615.0,15.188767550702028
VT,total,2002.0,615442.0,Vermont,9615.0,64.00852834113364
VT,under18,2002.0,144441.0,Vermont,9615.0,15.022464898595944
VT,total,2004.0,619920.0,Vermont,9615.0,64.47425897035882
VT,under18,2004.0,141068.0,Vermont,9615.0,14.671658866354655
VT,total,2003.0,617858.0,Vermont,9615.0,64.25980239209568
VT,under18,2003.0,142718.0,Vermont,9615.0,14.843265730629225
VT,total,2005.0,621215.0,Vermont,9615.0,64.6089443577743
VT,under18,2005.0,138933.0,Vermont,9615.0,14.449609984399377
VT,total,2006.0,622892.0,Vermont,9615.0,64.78335933437337
VT,under18,2006.0,136731.0,Vermont,9615.0,14.220592823712948
VT,total,2008.0,624151.0,Vermont,9615.0,64.91430057202288
VT,under18,2008.0,132600.0,Vermont,9615.0,13.790951638065522
VT,total,2007.0,623481.0,Vermont,9615.0,64.84461778471139
VT,under18,2007.0,134695.0,Vermont,9615.0,14.008840353614145
VT,under18,2013.0,122701.0,Vermont,9615.0,12.761414456578263
VT,total,2013.0,626630.0,Vermont,9615.0,65.1721268850754
VT,total,2009.0,624817.0,Vermont,9615.0,64.9835673426937
VT,under18,2009.0,130450.0,Vermont,9615.0,13.567342693707749
VT,total,2010.0,625793.0,Vermont,9615.0,65.08507540301612
VT,under18,2010.0,128601.0,Vermont,9615.0,13.375039001560062
VT,under18,2011.0,126500.0,Vermont,9615.0,13.156526261050441
VT,total,2011.0,626320.0,Vermont,9615.0,65.13988559542382
VT,under18,2012.0,124555.0,Vermont,9615.0,12.95423816952678
VT,total,2012.0,625953.0,Vermont,9615.0,65.10171606864274
VA,total,2012.0,8186628.0,Virginia,42769.0,191.41499684350813
VA,under18,2012.0,1861323.0,Virginia,42769.0,43.520376908508496
VA,total,2011.0,8105850.0,Virginia,42769.0,189.52629240805257
VA,under18,2011.0,1857585.0,Virginia,42769.0,43.43297715635156
VA,under18,2010.0,1855025.0,Virginia,42769.0,43.37312071827726
VA,total,2010.0,8024417.0,Virginia,42769.0,187.62227314176155
VA,total,2009.0,7925937.0,Virginia,42769.0,185.3196707895906
VA,under18,2009.0,1845132.0,Virginia,42769.0,43.141808319109636
VA,total,2013.0,8260405.0,Virginia,42769.0,193.1400079496832
VA,under18,2013.0,1864535.0,Virginia,42769.0,43.595478033154855
VA,total,2007.0,7751000.0,Virginia,42769.0,181.22939512263557
VA,under18,2007.0,1834386.0,Virginia,42769.0,42.89055156772429
VA,total,2008.0,7833496.0,Virginia,42769.0,183.15826883958007
VA,under18,2008.0,1838361.0,Virginia,42769.0,42.98349271668732
VA,total,2005.0,7577105.0,Virginia,42769.0,177.16348289649045
VA,under18,2005.0,1816270.0,Virginia,42769.0,42.46697374266408
VA,total,2006.0,7673725.0,Virginia,42769.0,179.42259580537305
VA,under18,2006.0,1826368.0,Virginia,42769.0,42.70307933316187
VA,total,2003.0,7366977.0,Virginia,42769.0,172.25039163880382
VA,under18,2003.0,1782254.0,Virginia,42769.0,41.67163132175174
VA,total,2004.0,7475575.0,Virginia,42769.0,174.789567209895
VA,under18,2004.0,1801958.0,Virginia,42769.0,42.13233884355491
VA,total,2002.0,7286873.0,Virginia,42769.0,170.37744628118497
VA,under18,2002.0,1771247.0,Virginia,42769.0,41.41427201945334
VA,total,2001.0,7198362.0,Virginia,42769.0,168.30793331618696
VA,under18,2001.0,1754549.0,Virginia,42769.0,41.023849049545234
VA,total,1999.0,7000174.0,Virginia,42769.0,163.67401622670627
VA,under18,1999.0,1723125.0,Virginia,42769.0,40.28911127218312
VA,total,2000.0,7105817.0,Virginia,42769.0,166.14409969837968
VA,under18,2000.0,1741420.0,Virginia,42769.0,40.71687437162431
VA,total,1997.0,6829183.0,Virginia,42769.0,159.6760036475017
VA,under18,1997.0,1683766.0,Virginia,42769.0,39.368841918211785
VA,under18,1998.0,1706261.0,Virginia,42769.0,39.89480698636863
VA,total,1998.0,6900918.0,Virginia,42769.0,161.35326989174402
VA,under18,1996.0,1664147.0,Virginia,42769.0,38.91012181720405
VA,total,1996.0,6750884.0,Virginia,42769.0,157.84526175500946
VA,total,1995.0,6670693.0,Virginia,42769.0,155.97028221375294
VA,under18,1995.0,1649005.0,Virginia,42769.0,38.55608033856298
VA,under18,1994.0,1628711.0,Virginia,42769.0,38.081577778297365
VA,total,1994.0,6593139.0,Virginia,42769.0,154.1569594799972
VA,under18,1992.0,1581544.0,Virginia,42769.0,36.978746288199396
VA,total,1992.0,6414307.0,Virginia,42769.0,149.97561317776893
VA,total,1993.0,6509630.0,Virginia,42769.0,152.2044003834553
VA,under18,1993.0,1604758.0,Virginia,42769.0,37.52152259814351
VA,total,1991.0,6301217.0,Virginia,42769.0,147.33140826299422
VA,under18,1991.0,1548258.0,Virginia,42769.0,36.20047230470668
VA,under18,1990.0,1520670.0,Virginia,42769.0,35.55542565877154
VA,total,1990.0,6216884.0,Virginia,42769.0,145.35958287544716
WA,under18,1990.0,1301545.0,Washington,71303.0,18.25372003983002
WA,total,1990.0,4903043.0,Washington,71303.0,68.76348821227718
WA,total,1991.0,5025624.0,Washington,71303.0,70.48264448901168
WA,under18,1991.0,1326527.0,Washington,71303.0,18.6040839796362
WA,total,1993.0,5278842.0,Washington,71303.0,74.0339396659327
WA,under18,1993.0,1387716.0,Washington,71303.0,19.462238615486026
WA,under18,1992.0,1365480.0,Washington,71303.0,19.15038637925473
WA,total,1992.0,5160757.0,Washington,71303.0,72.37783823962526
WA,under18,1994.0,1409922.0,Washington,71303.0,19.773670112056998
WA,total,1994.0,5375161.0,Washington,71303.0,75.38478044402059
WA,total,1995.0,5481027.0,Washington,71303.0,76.86951460667854
WA,under18,1995.0,1429397.0,Washington,71303.0,20.046800274883246
WA,under18,1996.0,1449613.0,Washington,71303.0,20.330322707319468
WA,total,1996.0,5569753.0,Washington,71303.0,78.11386617673871
WA,under18,1998.0,1494784.0,Washington,71303.0,20.96383041386758
WA,total,1998.0,5769562.0,Washington,71303.0,80.91611853638697
WA,total,1997.0,5674747.0,Washington,71303.0,79.5863708399366
WA,under18,1997.0,1473646.0,Washington,71303.0,20.6673772492041
WA,total,2000.0,5910512.0,Washington,71303.0,82.89289370713715
WA,under18,2000.0,1516361.0,Washington,71303.0,21.266440402227115
WA,total,1999.0,5842564.0,Washington,71303.0,81.93994642581659
WA,under18,1999.0,1507824.0,Washington,71303.0,21.146711919554576
WA,total,2001.0,5985722.0,Washington,71303.0,83.94768803556653
WA,under18,2001.0,1517527.0,Washington,71303.0,21.28279315035833
WA,total,2002.0,6052349.0,Washington,71303.0,84.88210874717754
WA,under18,2002.0,1517655.0,Washington,71303.0,21.284588306242373
WA,total,2004.0,6178645.0,Washington,71303.0,86.65336661851535
WA,under18,2004.0,1520751.0,Washington,71303.0,21.328008639187694
WA,total,2003.0,6104115.0,Washington,71303.0,85.60810905571995
WA,under18,2003.0,1514877.0,Washington,71303.0,21.24562781369648
WA,total,2005.0,6257305.0,Washington,71303.0,87.75654600788185
WA,under18,2005.0,1523890.0,Washington,71303.0,21.372032032312806
WA,total,2006.0,6370753.0,Washington,71303.0,89.34761510735873
WA,under18,2006.0,1536926.0,Washington,71303.0,21.554857439378427
WA,total,2008.0,6562231.0,Washington,71303.0,92.03302806333534
WA,under18,2008.0,1560302.0,Washington,71303.0,21.88269778270199
WA,total,2007.0,6461587.0,Washington,71303.0,90.62153065088425
WA,under18,2007.0,1549582.0,Washington,71303.0,21.73235347741329
WA,under18,2013.0,1595795.0,Washington,71303.0,22.38047487482995
WA,total,2013.0,6971406.0,Washington,71303.0,97.77156641375538
WA,total,2009.0,6667426.0,Washington,71303.0,93.50835168225741
WA,under18,2009.0,1574403.0,Washington,71303.0,22.08045944770907
WA,total,2010.0,6742256.0,Washington,71303.0,94.55781664165603
WA,under18,2010.0,1581436.0,Washington,71303.0,22.179094848744093
WA,under18,2011.0,1584709.0,Washington,71303.0,22.224997545685316
WA,total,2011.0,6821481.0,Washington,71303.0,95.66891996129195
WA,under18,2012.0,1588451.0,Washington,71303.0,22.27747780598292
WA,total,2012.0,6895318.0,Washington,71303.0,96.7044584379339
WV,total,2012.0,1856680.0,West Virginia,24231.0,76.62415913499237
WV,under18,2012.0,384030.0,West Virginia,24231.0,15.848706202798068
WV,total,2011.0,1855184.0,West Virginia,24231.0,76.56242004044405
WV,under18,2011.0,385283.0,West Virginia,24231.0,15.900416821427097
WV,under18,2010.0,387224.0,West Virginia,24231.0,15.980520820436631
WV,total,2010.0,1854146.0,West Virginia,24231.0,76.51958235318394
WV,total,2009.0,1847775.0,West Virginia,24231.0,76.25665469852667
WV,under18,2009.0,389036.0,West Virginia,24231.0,16.05530106062482
WV,total,2013.0,1854304.0,West Virginia,24231.0,76.52610292600387
WV,under18,2013.0,381678.0,West Virginia,24231.0,15.751640460567042
WV,total,2007.0,1834052.0,West Virginia,24231.0,75.69031406050101
WV,under18,2007.0,390661.0,West Virginia,24231.0,16.12236391399447
WV,total,2008.0,1840310.0,West Virginia,24231.0,75.94857826750857
WV,under18,2008.0,390210.0,West Virginia,24231.0,16.10375139284388
WV,total,2006.0,1827912.0,West Virginia,24231.0,75.4369196483843
WV,under18,2006.0,390637.0,West Virginia,24231.0,16.121373447237012
WV,total,2005.0,1820492.0,West Virginia,24231.0,75.13070034253641
WV,under18,2005.0,390431.0,West Virginia,24231.0,16.11287194090215
WV,total,2003.0,1812295.0,West Virginia,24231.0,74.79241467541578
WV,under18,2003.0,392460.0,West Virginia,24231.0,16.196607651355702
WV,total,2004.0,1816438.0,West Virginia,24231.0,74.96339399942222
WV,under18,2004.0,391856.0,West Virginia,24231.0,16.171680904626307
WV,total,2002.0,1805414.0,West Virginia,24231.0,74.50843960216253
WV,under18,2002.0,393569.0,West Virginia,24231.0,16.242375469439974
WV,total,2001.0,1801481.0,West Virginia,24231.0,74.34612686228385
WV,under18,2001.0,395307.0,West Virginia,24231.0,16.314101770459327
WV,total,1999.0,1811799.0,West Virginia,24231.0,74.77194502909497
WV,under18,1999.0,406784.0,West Virginia,24231.0,16.787751227766083
WV,total,2000.0,1807021.0,West Virginia,24231.0,74.57475960546408
WV,under18,2000.0,401062.0,West Virginia,24231.0,16.55160744500846
WV,total,1997.0,1819113.0,West Virginia,24231.0,75.07378977343073
WV,under18,1997.0,418037.0,West Virginia,24231.0,17.252156328669887
WV,under18,1998.0,412793.0,West Virginia,24231.0,17.035739342164995
WV,total,1998.0,1815609.0,West Virginia,24231.0,74.92918162684165
WV,under18,1996.0,422831.0,West Virginia,24231.0,17.45000206347241
WV,total,1996.0,1822808.0,West Virginia,24231.0,75.22628038463125
WV,total,1995.0,1823700.0,West Virginia,24231.0,75.26309273245016
WV,under18,1995.0,428790.0,West Virginia,24231.0,17.695926705459947
WV,under18,1994.0,429128.0,West Virginia,24231.0,17.709875778960836
WV,total,1994.0,1820421.0,West Virginia,24231.0,75.12777021171227
WV,under18,1992.0,433116.0,West Virginia,24231.0,17.874458338492015
WV,total,1992.0,1806451.0,West Virginia,24231.0,74.55123601997441
WV,total,1993.0,1817539.0,West Virginia,24231.0,75.00883166192068
WV,under18,1993.0,432364.0,West Virginia,24231.0,17.84342371342495
WV,total,1991.0,1798735.0,West Virginia,24231.0,74.2328009574512
WV,under18,1991.0,433918.0,West Virginia,24231.0,17.907556435970452
WV,under18,1990.0,436797.0,West Virginia,24231.0,18.026371177417357
WV,total,1990.0,1792548.0,West Virginia,24231.0,73.9774668812678
WI,under18,1990.0,1302869.0,Wisconsin,65503.0,19.89021876860602
WI,total,1990.0,4904562.0,Wisconsin,65503.0,74.87537975359908
WI,total,1991.0,4964343.0,Wisconsin,65503.0,75.7880249759553
WI,under18,1991.0,1314855.0,Wisconsin,65503.0,20.073202754072334
WI,total,1993.0,5084889.0,Wisconsin,65503.0,77.62833763339084
WI,under18,1993.0,1337334.0,Wisconsin,65503.0,20.41637787582248
WI,under18,1992.0,1330555.0,Wisconsin,65503.0,20.312886432682472
WI,total,1992.0,5025398.0,Wisconsin,65503.0,76.72011968917454
WI,under18,1994.0,1348110.0,Wisconsin,65503.0,20.580889424911835
WI,total,1994.0,5133678.0,Wisconsin,65503.0,78.37317374776728
WI,total,1995.0,5184836.0,Wisconsin,65503.0,79.15417614460407
WI,under18,1995.0,1351343.0,Wisconsin,65503.0,20.63024594293391
WI,under18,1996.0,1352877.0,Wisconsin,65503.0,20.65366471764652
WI,total,1996.0,5229986.0,Wisconsin,65503.0,79.84345755156252
WI,under18,1998.0,1362907.0,Wisconsin,65503.0,20.80678747538281
WI,total,1998.0,5297673.0,Wisconsin,65503.0,80.87679953589912
WI,total,1997.0,5266213.0,Wisconsin,65503.0,80.39651619009817
WI,under18,1997.0,1359712.0,Wisconsin,65503.0,20.758011083461827
WI,total,1999.0,5332666.0,Wisconsin,65503.0,81.41101934262552
WI,under18,1999.0,1367019.0,Wisconsin,65503.0,20.86956322611178
WI,total,2000.0,5373999.0,Wisconsin,65503.0,82.04202860937667
WI,under18,2000.0,1370440.0,Wisconsin,65503.0,20.92178984168664
WI,total,2001.0,5406835.0,Wisconsin,65503.0,82.5433186266278
WI,under18,2001.0,1367593.0,Wisconsin,65503.0,20.878326183533577
WI,total,2002.0,5445162.0,Wisconsin,65503.0,83.12843686548707
WI,under18,2002.0,1365315.0,Wisconsin,65503.0,20.843549150420593
WI,total,2004.0,5514026.0,Wisconsin,65503.0,84.17974749248125
WI,under18,2004.0,1354643.0,Wisconsin,65503.0,20.680625314871076
WI,total,2003.0,5479203.0,Wisconsin,65503.0,83.64812298673343
WI,under18,2003.0,1358505.0,Wisconsin,65503.0,20.7395844465139
WI,total,2005.0,5546166.0,Wisconsin,65503.0,84.67041204219655
WI,under18,2005.0,1349866.0,Wisconsin,65503.0,20.607697357372945
WI,total,2006.0,5577655.0,Wisconsin,65503.0,85.15113811581149
WI,under18,2006.0,1348785.0,Wisconsin,65503.0,20.59119429644444
WI,total,2008.0,5640996.0,Wisconsin,65503.0,86.11813199395448
WI,under18,2008.0,1345573.0,Wisconsin,65503.0,20.5421583744256
WI,total,2007.0,5610775.0,Wisconsin,65503.0,85.65676381234448
WI,under18,2007.0,1348901.0,Wisconsin,65503.0,20.59296520770041
WI,under18,2013.0,1307776.0,Wisconsin,65503.0,19.965131368028946
WI,total,2013.0,5742713.0,Wisconsin,65503.0,87.67099216829763
WI,total,2009.0,5669264.0,Wisconsin,65503.0,86.54968474726348
WI,under18,2009.0,1342411.0,Wisconsin,65503.0,20.49388577622399
WI,total,2010.0,5689060.0,Wisconsin,65503.0,86.85189991298108
WI,under18,2010.0,1336094.0,Wisconsin,65503.0,20.397447445155183
WI,under18,2011.0,1325870.0,Wisconsin,65503.0,20.241362991008046
WI,total,2011.0,5708785.0,Wisconsin,65503.0,87.15303115887822
WI,under18,2012.0,1316113.0,Wisconsin,65503.0,20.092407981313833
WI,total,2012.0,5724554.0,Wisconsin,65503.0,87.39376822435614
WY,total,2012.0,576626.0,Wyoming,97818.0,5.894886421721973
WY,under18,2012.0,136526.0,Wyoming,97818.0,1.3957144901756322
WY,total,2011.0,567329.0,Wyoming,97818.0,5.799842564763131
WY,under18,2011.0,135407.0,Wyoming,97818.0,1.3842748778343454
WY,under18,2010.0,135351.0,Wyoming,97818.0,1.3837023860639146
WY,total,2010.0,564222.0,Wyoming,97818.0,5.768079494571551
WY,total,2009.0,559851.0,Wyoming,97818.0,5.723394467275962
WY,under18,2009.0,134960.0,Wyoming,97818.0,1.379705166738228
WY,total,2013.0,582658.0,Wyoming,97818.0,5.956551963851234
WY,under18,2013.0,137679.0,Wyoming,97818.0,1.4075016868061092
WY,total,2007.0,534876.0,Wyoming,97818.0,5.468073360731154
WY,under18,2007.0,128760.0,Wyoming,97818.0,1.3163221492976753
WY,total,2008.0,546043.0,Wyoming,97818.0,5.582234353595453
WY,under18,2008.0,131511.0,Wyoming,97818.0,1.3444458075200882
WY,total,2006.0,522667.0,Wyoming,97818.0,5.34325993170991
WY,under18,2006.0,125525.0,Wyoming,97818.0,1.2832505264879674
WY,total,2005.0,514157.0,Wyoming,97818.0,5.256261628739087
WY,under18,2005.0,124022.0,Wyoming,97818.0,1.267885256292298
WY,total,2003.0,503453.0,Wyoming,97818.0,5.1468339160481715
WY,under18,2003.0,124182.0,Wyoming,97818.0,1.2695209470649573
WY,total,2004.0,509106.0,Wyoming,97818.0,5.204624915659695
WY,under18,2004.0,123974.0,Wyoming,97818.0,1.2673945490605
WY,total,2002.0,500017.0,Wyoming,97818.0,5.11170745670531
WY,under18,2002.0,125495.0,Wyoming,97818.0,1.282943834468094
WY,total,2001.0,494657.0,Wyoming,97818.0,5.056911815821219
WY,under18,2001.0,126212.0,Wyoming,97818.0,1.2902737737430738
WY,total,2000.0,494300.0,Wyoming,97818.0,5.0532621807847224
WY,under18,2000.0,128774.0,Wyoming,97818.0,1.316465272240283
WY,total,1999.0,491780.0,Wyoming,97818.0,5.027500051115337
WY,under18,1999.0,130793.0,Wyoming,97818.0,1.3371056451777792
WY,total,1997.0,489452.0,Wyoming,97818.0,5.003700750373142
WY,under18,1997.0,134328.0,Wyoming,97818.0,1.3732441881862234
WY,under18,1998.0,132602.0,Wyoming,97818.0,1.3555991739761597
WY,total,1998.0,490787.0,Wyoming,97818.0,5.017348545257519
WY,under18,1996.0,135698.0,Wyoming,97818.0,1.3872497904271197
WY,total,1996.0,488167.0,Wyoming,97818.0,4.990564108855221
WY,total,1995.0,485160.0,Wyoming,97818.0,4.959823345396552
WY,under18,1995.0,136785.0,Wyoming,97818.0,1.3983622646138747
WY,under18,1994.0,137733.0,Wyoming,97818.0,1.4080537324418818
WY,total,1994.0,480283.0,Wyoming,97818.0,4.909965446032428
WY,under18,1992.0,137308.0,Wyoming,97818.0,1.4037089288270053
WY,total,1992.0,466251.0,Wyoming,97818.0,4.7665153652701955
WY,total,1993.0,473081.0,Wyoming,97818.0,4.836338915128095
WY,under18,1993.0,137458.0,Wyoming,97818.0,1.4052423889263734
WY,total,1991.0,459260.0,Wyoming,97818.0,4.695045901572308
WY,under18,1991.0,136720.0,Wyoming,97818.0,1.3976977652374818
WY,under18,1990.0,136078.0,Wyoming,97818.0,1.391134556012186
WY,total,1990.0,453690.0,Wyoming,97818.0,4.638103416549101
PR,under18,1990.0,,Puerto Rico,,
PR,total,1990.0,,Puerto Rico,,
PR,total,1991.0,,Puerto Rico,,
PR,under18,1991.0,,Puerto Rico,,
PR,total,1993.0,,Puerto Rico,,
PR,under18,1993.0,,Puerto Rico,,
PR,under18,1992.0,,Puerto Rico,,
PR,total,1992.0,,Puerto Rico,,
PR,under18,1994.0,,Puerto Rico,,
PR,total,1994.0,,Puerto Rico,,
PR,total,1995.0,,Puerto Rico,,
PR,under18,1995.0,,Puerto Rico,,
PR,under18,1996.0,,Puerto Rico,,
PR,total,1996.0,,Puerto Rico,,
PR,under18,1998.0,,Puerto Rico,,
PR,total,1998.0,,Puerto Rico,,
PR,total,1997.0,,Puerto Rico,,
PR,under18,1997.0,,Puerto Rico,,
PR,total,1999.0,,Puerto Rico,,
PR,under18,1999.0,,Puerto Rico,,
PR,total,2000.0,3810605.0,Puerto Rico,,
PR,under18,2000.0,1089063.0,Puerto Rico,,
PR,total,2001.0,3818774.0,Puerto Rico,,
PR,under18,2001.0,1077566.0,Puerto Rico,,
PR,total,2002.0,3823701.0,Puerto Rico,,
PR,under18,2002.0,1065051.0,Puerto Rico,,
PR,total,2004.0,3826878.0,Puerto Rico,,
PR,under18,2004.0,1035919.0,Puerto Rico,,
PR,total,2003.0,3826095.0,Puerto Rico,,
PR,under18,2003.0,1050615.0,Puerto Rico,,
PR,total,2005.0,3821362.0,Puerto Rico,,
PR,under18,2005.0,1019447.0,Puerto Rico,,
PR,total,2006.0,3805214.0,Puerto Rico,,
PR,under18,2006.0,998543.0,Puerto Rico,,
PR,total,2007.0,3782995.0,Puerto Rico,,
PR,under18,2007.0,973613.0,Puerto Rico,,
PR,total,2008.0,3760866.0,Puerto Rico,,
PR,under18,2008.0,945705.0,Puerto Rico,,
PR,under18,2013.0,814068.0,Puerto Rico,,
PR,total,2013.0,3615086.0,Puerto Rico,,
PR,total,2009.0,3740410.0,Puerto Rico,,
PR,under18,2009.0,920794.0,Puerto Rico,,
PR,total,2010.0,3721208.0,Puerto Rico,,
PR,under18,2010.0,896945.0,Puerto Rico,,
PR,under18,2011.0,869327.0,Puerto Rico,,
PR,total,2011.0,3686580.0,Puerto Rico,,
PR,under18,2012.0,841740.0,Puerto Rico,,
PR,total,2012.0,3651545.0,Puerto Rico,,
USA,under18,1990.0,64218512.0,United States,,
USA,total,1990.0,249622814.0,United States,,
USA,total,1991.0,252980942.0,United States,,
USA,under18,1991.0,65313018.0,United States,,
USA,under18,1992.0,66509177.0,United States,,
USA,total,1992.0,256514231.0,United States,,
USA,total,1993.0,259918595.0,United States,,
USA,under18,1993.0,67594938.0,United States,,
USA,under18,1994.0,68640936.0,United States,,
USA,total,1994.0,263125826.0,United States,,
USA,under18,1995.0,69473140.0,United States,,
USA,under18,1996.0,70233512.0,United States,,
USA,total,1995.0,266278403.0,United States,,
USA,total,1996.0,269394291.0,United States,,
USA,total,1997.0,272646932.0,United States,,
USA,under18,1997.0,70920738.0,United States,,
USA,under18,1998.0,71431406.0,United States,,
USA,total,1998.0,275854116.0,United States,,
USA,under18,1999.0,71946051.0,United States,,
USA,total,2000.0,282162411.0,United States,,
USA,under18,2000.0,72376189.0,United States,,
USA,total,1999.0,279040181.0,United States,,
USA,total,2001.0,284968955.0,United States,,
USA,under18,2001.0,72671175.0,United States,,
USA,total,2002.0,287625193.0,United States,,
USA,under18,2002.0,72936457.0,United States,,
USA,total,2003.0,290107933.0,United States,,
USA,under18,2003.0,73100758.0,United States,,
USA,total,2004.0,292805298.0,United States,,
USA,under18,2004.0,73297735.0,United States,,
USA,total,2005.0,295516599.0,United States,,
USA,under18,2005.0,73523669.0,United States,,
USA,total,2006.0,298379912.0,United States,,
USA,under18,2006.0,73757714.0,United States,,
USA,total,2007.0,301231207.0,United States,,
USA,under18,2007.0,74019405.0,United States,,
USA,total,2008.0,304093966.0,United States,,
USA,under18,2008.0,74104602.0,United States,,
USA,under18,2013.0,73585872.0,United States,,
USA,total,2013.0,316128839.0,United States,,
USA,total,2009.0,306771529.0,United States,,
USA,under18,2009.0,74134167.0,United States,,
USA,under18,2010.0,74119556.0,United States,,
USA,total,2010.0,309326295.0,United States,,
USA,under18,2011.0,73902222.0,United States,,
USA,total,2011.0,311582564.0,United States,,
USA,under18,2012.0,73708179.0,United States,,
USA,total,2012.0,313873685.0,United States,,
